"","Genotype","plant.position","vLG","rsLG","SG","PG","Total_Area","Height","Density","D_mean_smoothed","Trichome.No.","Soluble.condensed.tannins","Insoluble.condensed.tannins","diglucoside.of.SaOH__A220nm","salicin__A220nm","gentisic.acid__A220nm","neochlorogenic.acid__A320nm","p.OH.cinnamic.acid.der1__A320nm","p.OH.cinnamic.acid.der2__A320nm","chlorogenic.acid__A320nm","ampelopsin__A320nm","p.OH.cinnamic.acid__A320nm","salicortin__A270nm","cinnamic.acid.der1__A270nm","ampelopsin.der__A320nm","luteolin.glucoside.5.glu.__A320nm","myricitrin__A320nm","luteolin.glucoside.7.gluc.__A320nm","cinnamic.acid.der2__A270nm","eriodictyol.7.glucoside__A270nm","luteolin.glycoside.der1__A320nm","methylluteolin.glycoside.__A320nm","luteolin.glycoside.der2__A320nm","quercetin.der1__A320nm","luteolin.der1__A320nm","quercetin.der2__A320nm","luteolin.der2__A320nm","cinnamic.acid.der3__A270nm","tremulacin__A220nm","cinnamoyl.salicortin__A270nm","disalicortin__A270nm","HCH.tremulacin.__A220nm","Nitrogen","Carbon","C_N_ratio","water_content","specific_leaf_area","C_imputed","N_imputed","C_N_imputed","sal_tannin.PC1","cinn.PC1","cinn.PC2","flavonOLES.PC1","flavonOLES.PC2","flavanonOLES.PC1"
"1","X",104,2,2,0,0,NA,NA,NA,NA,NA,NA,NA,NA,NA,NA,NA,NA,NA,NA,NA,NA,NA,NA,NA,NA,NA,NA,NA,NA,NA,NA,NA,NA,NA,NA,NA,NA,NA,NA,NA,NA,NA,NA,NA,NA,NA,NA,NA,NA,NA,NA,NA,NA,NA,NA
"2","U",15,12,2,0,0,NA,NA,NA,NA,NA,NA,NA,NA,NA,NA,NA,NA,NA,NA,NA,NA,NA,NA,NA,NA,NA,NA,NA,NA,NA,NA,NA,NA,NA,NA,NA,NA,NA,NA,NA,NA,1.180843949,49.12688828,41.6032011017232,NA,NA,49.005563356,1.0754945874,45.9622379121635,NA,NA,NA,NA,NA,NA
"3","O",167,3,4,0,0,2.32960534162239,3.2098991960917,0.3613,1.8034,NA,NA,NA,NA,NA,NA,NA,NA,NA,NA,NA,NA,NA,NA,NA,NA,NA,NA,NA,NA,NA,NA,NA,NA,NA,NA,NA,NA,NA,NA,NA,NA,NA,NA,NA,NA,NA,48.354571532,0.8884563446,54.959938276439,NA,NA,NA,NA,NA,NA
"4","E",181,3,0,0,0,NA,NA,NA,NA,NA,NA,NA,NA,NA,NA,NA,NA,NA,NA,NA,NA,NA,NA,NA,NA,NA,NA,NA,NA,NA,NA,NA,NA,NA,NA,NA,NA,NA,NA,NA,NA,NA,NA,NA,NA,NA,NA,NA,NA,NA,NA,NA,NA,NA,NA
"5","*",185,8,1,1,3,1.89149165083069,2.38190804940424,0.3719,1.7962,0.909090909090909,450.259,45.807,0.203,1.214,0,8.298,2.08,6.255,12.905,0,0.449,32.944,27.688,0,1.276,1.859,2.343,1.842,0,0.293,4.628,0.567,0.286,1.015,1.296,0.276,0.332,2.491,0,0,0,0.963685215,47.61354828,49.407781232796,1.77460317460317,9.11142857142857,48.780740358,0.9150824786,53.3981372541112,2.47023619365422,3.2558294087724,1.27565980187679,2.72424867097971,-0.801656330758369,-1.60184226987832
"6","H",191,0,4,0,0,1.86572907653044,2.70530625351208,0.3206,1.787,0.909090909090909,355.701,59.205,0.252,2.304,0.076,7.081,5.787,0.102,11.924,0,0.701,102.116,0,0.415,2.971,0.477,2.573,0,0.519,0.586,4.516,0.665,0,1.764,0,0.542,0,39.322,0,0,5.174,NA,NA,NA,1.69407894736842,10.2595394736842,49.003610992,1.089426303,45.3411144993612,-0.00404872387435512,-0.597388423843688,1.81163121869574,-1.6485073755069,1.10723253322038,-0.989106292777165
"7","F",192,4,1,0,0,1.21350944191792,1.94727003750043,0.3349,1.7597,0,336.439,75.285,0.283,1.998,0.159,0.438,0.179,0.359,34.801,3.749,0.907,86.104,0.993,5.028,1.141,1.177,2.042,0,11.115,0.52,7.781,0,0,1.178,0,0.777,0.25,44.23,0,0,5.07,NA,NA,NA,1.51107011070111,9.94022140221402,47.827425384,0.8790121316,54.8639562560522,-0.362159806486911,-1.02173525027601,-2.40673089858918,-1.35759333672439,-0.796507757670403,2.19407046774225
"8","Q",194,0,0,0,0,1.11095758852007,2.59521324785835,0.3441,1.7627,12.7272727272727,485.537,49.671,0.195,0.996,0,1.18,0.676,0.251,35.992,0.555,1.505,31.191,0.477,9.561,1.875,0.443,3.19,0,18.794,0,5.639,0.122,0,0.724,0,0.269,0,10.59,0,0,0.412,NA,NA,NA,1.80871670702179,8.96658595641646,49.360918045,1.127515167,43.873397689227,2.25726665973567,-1.19138011374681,-1.93924932057361,0.225147759969613,-1.2573407743411,2.20833329291778
"9","Y",199,7,0,0,0,1.60928171254542,2.12502436954552,0.535,1.8016,20,254.022,61.266,0.286,2.529,0.381,7.321,5.014,1.754,20.31,0,0.954,168.381,93.3,0.834,0.727,0.828,1.602,3.896,2.153,0.175,5.11,0.364,0.376,0.697,0.716,0.283,3.123,54.615,1.952,1.726,10.946,NA,NA,NA,1.93072824156306,9.7259325044405,49.428104402,1.0590504764,46.8915922931631,-2.17004858232549,5.46544297127692,-0.811066750296953,3.02861366993234,-1.00261049070133,-0.550433299942427
"10","V",200,5,3,1,2,NA,NA,NA,NA,NA,NA,NA,NA,NA,NA,NA,NA,NA,NA,NA,NA,NA,NA,NA,NA,NA,NA,NA,NA,NA,NA,NA,NA,NA,NA,NA,NA,NA,NA,NA,NA,NA,NA,NA,NA,NA,NA,NA,NA,NA,NA,NA,NA,NA,NA
"11","N",203,2,0,0,0,1.06506919490712,2.45645018864895,0.2865,1.7527,0.909090909090909,137.944,46.694,0.439,5.041,0.282,2.734,0.738,0.086,14.701,1.472,0.235,144.398,0,0.65,0.882,1.337,1.219,0,6.415,0.155,2.093,0.411,0,1.101,0.671,0.272,0,69.144,0,6.248,1.769,0.902327538,48.30923462,53.5384686663525,1.93650793650794,10.44,47.99968338,1.0214545368,48.0055005411854,-2.68414203482251,-1.40476932254376,0.199747685759438,2.64473842250859,1.59186722988137,0.663397476098009
"12","O",204,2,0,0,0,1.91923221848167,3.1055402011491,0.3839,1.8127,0,433.057,48.698,0.166,1.062,0.12,6.074,2.38,0.559,26.794,6.428,0.608,24.462,1.893,2.517,1.301,2.615,2.533,0,4.654,0.226,4.909,1.451,0,1.39,0,0.448,0,4.586,0,0,0,NA,NA,NA,1.98969072164948,10.8855670103093,48.354571532,0.8884563446,54.959938276439,2.5112021742749,-0.259830706041977,0.265169556528078,0.84132649821713,1.00454645911806,1.79850150838042
"13","D",207,3,2,1,0,1.05231876569476,2.25231940733265,0.2941,1.7342,1.81818181818182,190.711,66.95,0.457,5.374,0.476,0.29,0.047,0.227,17.911,1.246,0.457,160.55,0.236,0.947,1.294,0.613,2.09,0,4.044,0.321,4.192,0.784,0,1.867,0,0.394,0.725,108.488,0,4.502,20.387,NA,NA,NA,1.76616915422886,10.2268656716418,49.675281524,0.8330973388,60.3955692129545,-3.78720626752085,-0.882684421967941,-2.1265335039372,-0.089130207872277,1.24414588241508,0.465461393743674
"14","S",219,1,0,0,0,NA,NA,NA,NA,NA,NA,NA,NA,NA,NA,NA,NA,NA,NA,NA,NA,NA,NA,NA,NA,NA,NA,NA,NA,NA,NA,NA,NA,NA,NA,NA,NA,NA,NA,NA,NA,NA,NA,NA,NA,NA,NA,NA,NA,NA,NA,NA,NA,NA,NA
"15","K",223,9,0,0,0,NA,NA,NA,NA,NA,NA,NA,NA,NA,NA,NA,NA,NA,NA,NA,NA,NA,NA,NA,NA,NA,NA,NA,NA,NA,NA,NA,NA,NA,NA,NA,NA,NA,NA,NA,NA,NA,NA,NA,NA,NA,NA,NA,NA,NA,NA,NA,NA,NA,NA
"16","K",227,3,3,2,4,NA,NA,NA,NA,NA,NA,NA,NA,NA,NA,NA,NA,NA,NA,NA,NA,NA,NA,NA,NA,NA,NA,NA,NA,NA,NA,NA,NA,NA,NA,NA,NA,NA,NA,NA,NA,NA,NA,NA,NA,NA,NA,NA,NA,NA,NA,NA,NA,NA,NA
"17","V",228,9,1,0,0,1.52765529279356,2.23053016663035,0.5023,1.7996,0.909090909090909,446.946,53.426,0.186,0.502,0,11.539,1.687,0.223,25.238,0,0.269,11.353,0.344,0,1.186,3.284,0.794,0,0,0.216,3.134,0.629,0,1.494,0,0.626,0,0.568,0,0,0,NA,NA,NA,2,10.7547297297297,48.9050852416667,1.00643783816667,49.0621774512822,2.92008131846154,-0.997345648841748,1.4568641820981,1.32722088154287,2.75275068587089,-1.60184226987832
"18","F",231,13,0,0,0,3.09530839926794,2.49544146148465,0.4739,1.8392,1.81818181818182,340.403,85.518,0.205,1.157,0,0.558,0.23,0.349,34.933,3.099,0.81,31.551,1.029,4.415,1.668,1.864,2.693,0,9.68,0.717,10.068,0,0,1.487,0,0.959,0,8.199,0,0,0.244,0.871766388,44.52452087,51.0739132442899,1.83233532934132,10.9670658682635,47.827425384,0.8790121316,54.8639562560522,1.04019005220186,-1.41913681367799,-1.65999401103841,-2.49740894270755,-1.32490091117582,1.91298864233163
"19","A",232,3,0,0,0,1.50784905618313,2.50346907648023,0.3087,1.7859,4.54545454545454,417.773,49.697,0.16,0,0.065,0,0,0,19.551,0,0.48,0,0.324,0,1.424,0.561,2.094,0,0,0.18,4.873,0.13,0,0.814,0,0.422,0,0,0,0,0,NA,NA,NA,1.95681818181818,10.4806818181818,49.11685562,1.0307981968,47.8206873923494,3.90101878526106,-2.05821609074115,-1.19634314111589,0.084611098636441,-0.135444127126726,-1.60184226987832
"20","F",233,0,0,0,0,0.776841106639824,1.81538779114439,0.3088,1.6761,1.81818181818182,303.876,76.026,0.277,1.891,0.217,0.416,0.171,0.429,29.518,3.385,0.629,94.421,0.945,5.659,1.562,1.462,2.504,0,12.824,0.62,8.877,0,0,1.509,0,0.833,0.277,46.622,0,0,7.463,NA,NA,NA,1.71974522292994,9.43057324840764,47.827425384,0.8790121316,54.8639562560522,-0.617684534240137,-1.00274057613913,-2.06236976405237,-2.148967243312,-1.05330606104543,2.29670779504396
"21","W",234,6,1,0,0,1.28650449839792,2.43122054151997,0.3502,1.7842,0.909090909090909,159.126,63.454,0.373,4.284,0.153,7.874,1.817,1.727,13.844,0,0.337,119.868,43.484,0,1.296,1.088,3.192,4.005,0,0.522,6.16,0.772,0,0.783,2.156,0.151,2.359,51.858,3.053,5.16,5.358,NA,NA,NA,2.18231046931408,10.6815884476534,49.489682768,0.9449272872,52.768762561283,-3.19073214865907,4.23650691683072,0.548564568206812,1.82622102157134,-1.59664329849404,-1.60184226987832
"22","X",235,1,0,0,0,1.15862144159014,2.40599089439099,0.3066,1.7185,10.9090909090909,414.572,53.281,0.229,0.819,0,8.662,2.25,0.291,28.881,0,0.526,5.607,0.749,0,1.646,2.426,2.801,0,0,0.243,4.544,0.672,0.187,1.104,0.41,0.325,0,0,0,0,0,NA,NA,NA,1.9577677224736,9.15852187028658,48.502789306,0.9589180112,50.7801486486287,2.77514782439002,-0.725114474856862,0.869149289829526,1.92684351773715,-0.44360944015013,-1.60184226987832
"23","*",240,2,0,0,0,1.75519554650652,2.33603596371518,0.4419,1.7964,0,314.294,61.349,0.237,2.66,0,6.525,1.598,4.574,10.356,0,0.342,84.023,49.616,0,1.392,2.745,2.161,3.128,0,0.286,5.096,0.836,0.596,1.034,1.679,0.271,0.871,5.326,0,0,1.012,NA,NA,NA,1.78294573643411,11.5328165374677,48.780740358,0.9150824786,53.3981372541112,0.58010725109604,3.85211320957771,1.25643154857874,3.48369607884055,-0.942951338824233,-1.60184226987832
"24","X",243,1,0,0,0,1.43117814104934,2.42089932223993,0.3332,1.7669,24.5454545454545,432.855,46.905,0.223,0.097,0,7.918,2.329,0.363,30.1,0,0.672,2.001,0.538,0,1.242,2.453,2.64,0,0,0.23,4.199,0.3,0.162,0.982,0.258,0.33,0,0,0,0,0,NA,NA,NA,1.80929095354523,8.72273838630807,48.502789306,0.9589180112,50.7801486486287,3.49493964168045,-0.685533566184577,0.58683183468014,2.00654675632879,-0.580146794678555,-1.60184226987832
"25","L",244,3,0,0,0,1.52571806925258,2.89452860697944,0.3366,1.7894,0,454.389,53.125,0.198,0.358,0,6.924,1.789,0.205,11.858,0.354,0.199,0,0,2.005,1.005,1.028,1.976,0,2.625,0.086,2.31,0.616,0,1.869,0,0.413,0,1.577,0,0,0,NA,NA,NA,2.19493670886076,12.206582278481,49.282575226,0.8306997418,60.1190874362029,3.28222626265168,-1.21464076340142,2.10749531603917,0.917985940420542,2.02853171209192,0.167006277662106
"26","L",245,6,0,0,0,1.76845888622871,2.59980045642725,0.4025,1.77,0,395.04,49.623,0.237,0.441,0,5.507,1.395,0.193,11.368,0.363,0.157,0,0,3.073,1.031,0.909,1.904,0,3.412,0.194,2.553,0.549,0,1.959,0,0.522,0,0,0,0,0,NA,NA,NA,1.91761363636364,10.4232954545455,49.282575226,0.8306997418,60.1190874362029,3.18844673117646,-1.35859470563373,1.98446053389861,0.371237542095539,2.0826904311363,0.431268004060745
"27","R",247,2,0,0,0,1.01703709839409,2.92090505625064,0.2859,1.7665,NA,NA,NA,NA,NA,NA,NA,NA,NA,NA,NA,NA,NA,NA,NA,NA,NA,NA,NA,NA,NA,NA,NA,NA,NA,NA,NA,NA,NA,NA,NA,NA,NA,NA,NA,NA,NA,48.111562348,1.2088635922,40.2915967181854,NA,NA,NA,NA,NA,NA
"28","B",249,6,0,0,0,1.14815017625865,2.13878599525224,0.3968,1.7673,6.36363636363636,239.813,77.397,0.362,2.828,0.301,0.137,0.099,0.153,24.436,0.261,0.674,130.496,0.387,6.329,1.464,1.076,3.444,0,8.506,0.286,5.907,0.674,0,2.339,0,0.928,0.464,96.504,0,0,0,0.874943554,48.12117767,54.9991796042194,1.82553191489362,10.5876595744681,48.228001275,0.949053893666667,51.3820353038341,-1.22594453584483,-1.15239427285841,-2.34044088177994,-1.70272929124761,0.681335460954296,1.18275367169685
"29","B",250,15,0,0,0,1.33254281969836,2.02066537460292,0.4135,1.7726,0.909090909090909,265.795,84.031,0.504,2.858,0.208,0.198,0.134,0.222,29.805,0.264,0.821,124.66,0.464,3.12,1.668,1.346,3.969,0,4.409,0.338,6.308,0.969,0,2.53,0,0.849,0.593,86.423,0,0,0.712,1.025908709,46.90270233,45.7182027197315,1.78151260504202,9.98263305322129,48.228001275,0.949053893666667,51.3820353038341,-1.59489274127733,-1.01318711624926,-2.48686543509863,-1.81025287162723,0.543434323452877,0.480699227516775
"30","Q",253,0,0,0,0,1.3548162873766,2.16860285095013,0.4225,1.7972,20.9090909090909,323.702,58.472,0.246,1.57,0.091,1.657,0.905,0.195,31.444,0.464,1.288,57.642,0.205,6.09,2.121,0.357,4.03,0,15.272,0.444,6.563,0.095,0,0.92,0,0.312,0,29.034,0,0,1.324,NA,NA,NA,2.07022471910112,10.7474719101124,49.360918045,1.127515167,43.873397689227,0.686965669584766,-1.15069340266678,-1.62711070862555,-1.30487891712541,-1.75091364934635,1.68189525163622
"31","I",255,1,2,0,0,0.978919956582662,2.00575694675398,0.4472,1.7827,1.81818181818182,323.245,46.878,0.371,2.727,0.224,4.682,1.254,0.23,14.709,2.13,0.225,41.817,0.921,2.548,1.415,0.63,3.856,0,8.601,0.703,8.017,0,0,1.658,0,0.67,1.116,13.089,0,0,0.665,1.230738759,47.66141891,38.7258616513596,1.52173913043478,11.4384057971014,48.565077972,1.144735384,42.7304085123588,0.823180064202607,-0.0985491783305674,0.513462790044104,-2.50557692342717,-1.65224223676143,1.38509075594835
"32","F",257,16,1,0,0,2.3337099408562,2.28557666945722,0.4684,1.8209,0,329.706,85.988,0.265,1.65,0.162,0.447,0.194,0.302,33.506,3.081,0.81,53.27,0.786,5.195,1.733,1.492,2.354,0,10.976,0.546,9.188,0,0,1.586,0,1.073,0,20.786,0,0,1.908,NA,NA,NA,1.76744186046512,9.55232558139535,47.827425384,0.8790121316,54.8639562560522,0.159430841216981,-1.35409075544471,-2.15003179518909,-2.52829614965858,-0.771460195481472,2.07991968593897
"33","D",259,10,0,0,0,2.61855676522406,2.80851844631246,0.3679,1.8167,0,270.825,54.516,0.231,2.656,0.624,0.274,0.098,0.524,24.227,2.44,0.671,150.469,0.249,1.774,1.447,0.51,2.864,0,7.573,0.303,4.739,0.518,0,1.704,0,0.345,0.852,116.514,0,0,15.337,NA,NA,NA,1.71315789473684,11.5931578947368,49.675281524,0.8330973388,60.3955692129545,-1.30636760923637,-0.425379682413952,-3.07095603893518,-0.453558285481239,0.284223404634175,1.25088631272041
"34","X",260,0,0,0,0,1.87735504808663,2.77640798633012,0.3918,1.7676,10,353.367,44.789,0.104,0.132,0,6.409,2.312,0.212,24.424,0,0.602,0,0,0,1.105,2.013,2.64,0,0,0.156,4.264,0.352,0.185,0.766,0,0.205,0,0,0,0,0,NA,NA,NA,1.54684095860566,7.38976034858388,48.502789306,0.9589180112,50.7801486486287,3.75619202908001,-1.01659719038205,0.807984979200241,2.19425005732549,-0.789534981229464,-1.60184226987832
"35","D",262,7,1,0,0,2.38769574474873,2.46562460578676,0.3748,1.8333,0.909090909090909,487.447,45.844,0.112,0.364,0.134,0,0.083,0.189,20.748,4.266,1.138,3.899,0,4.115,2.106,0.485,2.502,0,8.613,0.39,3.715,0.527,0,1.367,0,0.262,0,0.197,0,0,0,NA,NA,NA,1.55263157894737,8.41947368421053,49.675281524,0.8330973388,60.3955692129545,3.69875051884636,-1.69184837501509,-2.22571324414399,-0.214508575066664,0.666053923907939,2.01352497171114
"36","M",267,6,1,0,0,NA,NA,NA,NA,NA,NA,NA,NA,NA,NA,NA,NA,NA,NA,NA,NA,NA,NA,NA,NA,NA,NA,NA,NA,NA,NA,NA,NA,NA,NA,NA,NA,NA,NA,NA,NA,NA,NA,NA,NA,NA,NA,NA,NA,NA,NA,NA,NA,NA,NA
"37","*",268,3,0,0,0,2.77635828661687,2.66172777210748,0.4759,1.8385,0,380.492,48.815,0.061,0,0,6.118,1.497,2.02,11.239,0,0.233,0,2.976,0,0.895,1.57,2.361,0,0,0.099,3.779,0.455,0.289,0.694,1.09,0.158,0,0,0,0,0,NA,NA,NA,1.9400826446281,10.9981404958678,48.780740358,0.9150824786,53.3981372541112,4.16076160159328,0.0538442835507367,1.78590498855551,3.74330182600772,-1.06610259710225,-1.60184226987832
"38","S",269,13,0,0,0,2.20856635223299,2.63764492712072,0.4891,1.8238,4.54545454545454,270.666,70.431,0.318,4.24,0,6.729,1.532,0.144,19.998,0,0.302,206.524,0,0,1.497,2.053,3.459,0,0,0.381,5.099,0.138,0,1.484,0,0.314,0,64.282,0,4,31.003,NA,NA,NA,1.9125,13.2579166666667,48.706655122,0.8022036196,61.4420960176138,-3.16413144548784,-1.28771118201441,1.30295069762296,-0.246552164447938,-0.607085358897023,-1.60184226987832
"39","V",270,5,2,7,0,1.23073797442766,2.19383249807911,0.4777,1.782,4.54545454545454,496.088,64.962,0.127,0.557,0.069,7.279,1.378,0.278,20.57,0,0.258,12.832,0.376,0,1.149,3.383,1.111,0,0.196,0.209,3.886,0.903,0,1.452,0,0.671,0,1.102,0,0,0,NA,NA,NA,1.63386727688787,7.84302059496568,48.9050852416667,1.00643783816667,49.0621774512822,2.89618369118899,-1.0237374775107,1.11126638949733,1.16602825706562,2.34800667957688,-1.42041753821427
"40","*",319,3,5,3,2,2.08825990426404,2.41745891581325,0.3381,1.7741,0,399.491,63.794,0.203,2.1,0.191,7.373,1.644,5.341,11.813,0,0.515,62.903,32.1,0,1.747,2.532,3.107,0,0,0.424,6.385,0.632,0.418,1.239,1.656,0.324,0.801,6.229,0,0,0.521,NA,NA,NA,1.81380753138075,10.7610878661088,48.780740358,0.9150824786,53.3981372541112,1.18147130407272,2.52373586811573,0.488402159081909,2.09719348779849,-1.62943938649097,-1.60184226987832
"41","R",320,4,1,0,1,0.9965916963791,2.12158396311884,0.3289,1.7546,0,269.669,65.123,0.486,4.67,0.165,12.058,3.543,0.119,13.972,0.958,0.235,102.551,0.563,1.172,1.08,1.88,2.128,0,4.055,0.233,4.371,0.714,0,1.597,0.687,0.479,0,26.032,0,2.692,23.442,1.091415644,47.93159485,43.9169028898398,1.83757961783439,11.2292993630573,48.111562348,1.2088635922,40.2915967181854,-2.36744589226279,-0.577670418280491,2.09260456013916,1.2057871674628,0.803030727902144,0.426489251436853
"42","O",323,1,4,0,0,1.42641859454913,1.88190231539353,0.3521,1.7986,0,364.232,47.054,0.195,1.074,0.102,5.526,2.422,0.401,23.57,0.213,0.562,18.22,1.207,1.719,0.951,2.619,2.394,0,3.438,0.101,4.276,1.395,0,1.163,0,0.348,0.196,8.852,0,0,0,0.794222116,48.76581573,61.4007275138634,1.86721991701245,10.3979253112033,48.354571532,0.8884563446,54.959938276439,2.22616196783802,-0.313447848012958,0.427186955526987,1.72633108807311,0.962047130787411,0.119914087282183
"43","H",325,0,1,0,0,1.13175808242649,2.34406357871076,0.3069,1.758,0,306.425,61.105,0.227,1.758,0,8.74,7.13,0.073,11.021,0.256,0.621,112.972,0.111,0.648,2.489,0.595,1.69,0,0.79,0.521,3.689,0.385,0,2.051,0,0.707,0,55.01,0,0,7.331,NA,NA,NA,1.90990990990991,10.3346846846847,49.003610992,1.089426303,45.3411144993612,-0.305249404204284,-0.562857831484009,2.48985520081074,-1.48411347714271,2.01651011205776,-0.494740207060655
"44","S",326,1,4,0,0,1.10989757346642,2.09520751384764,0.4268,1.7864,25.4545454545455,202.705,59.724,0.348,3.681,0,4.994,1.426,0.138,22.314,0,0.314,203.586,0.491,0,1.341,2.085,3.532,0,0,0,4.354,0.121,0,1.357,0.216,0.251,0,64.881,0,3.346,33.275,0.829243243,48.91638947,58.98919271628,1.72924187725632,11.0530685920578,48.706655122,0.8022036196,61.4420960176138,-3.1481244000228,-1.21870704486258,0.957946241183424,1.24041891562193,-0.776248049297167,-1.60184226987832
"45","*",329,0,0,0,0,0.722815848092686,1.63878026124153,0.396,1.7497,0.909090909090909,366.942,49.799,0.208,1.099,0,7.722,1.809,5.632,12.41,0,0.552,22.341,21.619,0,1.597,2.208,3.025,1.491,0,0.204,5.049,0.495,0.307,1.186,1.523,0.308,0,1.413,0,0,0,NA,NA,NA,1.94366197183099,10.2170294494238,48.780740358,0.9150824786,53.3981372541112,2.28305232761795,2.63147013790466,1.18448665391594,2.36611406727751,-1.22129593952015,-1.60184226987832
"46","F",334,2,1,0,0,1.32259104065247,1.88763632610466,0.3968,1.782,0,338.382,66.903,0.235,1.284,0.227,0.458,0.24,0.413,30.133,3.019,0.681,24.257,0.916,5.647,1.651,1.701,2.765,0,11.434,1.042,10.542,0,0,1.543,0.143,0.951,0,6.892,0,0,0,NA,NA,NA,1.64731182795699,9.18537634408602,47.827425384,0.8790121316,54.8639562560522,1.49073615654095,-1.21402674303833,-2.02126197859366,-2.5210673529761,-1.60635550517087,2.14366520370691
"47","R",335,1,1,0,0,0.701656316829391,2.4105781029599,0.2567,1.7265,0.909090909090909,400.568,50.052,0.338,2.108,0,17.448,4.881,0.194,20.43,1.735,0.34,67.736,0.482,2.024,0.678,1.652,1.88,0,5.396,0.213,3.933,0.646,0,1.151,0.459,0.373,0,14.399,0,0,3.976,NA,NA,NA,1.67886178861789,9.27113821138211,48.111562348,1.2088635922,40.2915967181854,0.751518899653997,-0.493493242299706,2.4187514875188,1.94780328979137,0.668626071211436,0.952327384008303
"48","S",345,4,5,0,0,2.3168614881858,2.38534845583092,0.449,1.8147,24.5454545454545,195.552,61.697,0.374,4.703,0,5.166,1.491,0.133,20.499,0,0.384,217.003,0.559,0,1.563,2.437,3.865,0,0,0,4.886,0.202,0,1.77,0.387,0.301,0.227,57.464,0,6.672,40.695,NA,NA,NA,1.86688311688312,13.0224025974026,48.706655122,0.8022036196,61.4420960176138,-3.85743394887186,-0.935567512186028,0.890079250701027,0.877665857703746,-0.732001416240573,-1.60184226987832
"49","R",346,11,0,0,0,1.7623328935241,2.67434259567197,0.4175,1.8111,3.63636363636364,216.551,60.875,0.413,2.721,0.151,15.113,3.628,0.137,14.187,0.799,0.244,159.026,0.576,1.028,0.926,1.707,2.294,0,4.388,0.477,4.737,0.821,0,1.553,0.357,0.463,0,55.671,0,1.257,54.606,NA,NA,NA,1.80184331797235,10.1198156682028,48.111562348,1.2088635922,40.2915967181854,-2.87221444664176,-0.510593925924583,2.24630093535624,0.830877768452021,0.651265646230501,0.367769131410008
"50","R",350,9,0,0,0,2.02257448012672,2.72824229635661,0.4331,1.8077,5.45454545454545,199.534,53.13,0.402,2.831,0,11.352,3.366,0.093,18.722,0.726,0.355,94.237,0.502,0.955,0.771,1.681,1.79,0,3.167,0,3.96,0.984,0,1.23,0.55,0.373,0,37.92,0,2.053,30.027,NA,NA,NA,1.8169014084507,10.2399061032864,48.111562348,1.2088635922,40.2915967181854,-2.04946647914851,-0.782411169242271,2.00240046891692,2.55191072625737,0.964948697562309,0.191950575104133
"51","L",352,14,0,0,0,3.59166373602862,2.71218706636544,0.5057,1.8519,0,523.449,46.586,0.261,0.162,0,5.659,1.58,0.184,11.208,0.437,0.163,0,0,2.104,0.845,0.924,1.284,0,2.793,0.237,1.911,0.426,0,1.315,0,0.396,0,0,0,0,0,NA,NA,NA,1.78248587570621,9.77062146892655,49.282575226,0.8306997418,60.1190874362029,3.76042536431927,-1.3226685387417,2.06128962712978,1.37141832096151,2.24605418670899,0.250148780398984
"52","R",361,8,8,10,2,0.980342954458657,2.76379316276563,0.3308,1.7532,1.81818181818182,220.43,53.207,0.426,2.809,0.214,7.534,2.167,0.183,15.783,0.666,0.258,59.969,0.597,0.95,1.687,2.432,3.077,0,3.622,0.337,6.11,0.993,0,2.038,0.419,0.577,0,26.486,0,0,15.194,NA,NA,NA,1.63730569948187,8.91036269430052,48.111562348,1.2088635922,40.2915967181854,-0.787726366546549,-0.734513127189501,1.23324374224788,-0.0974849762858221,0.357635622585541,0.21671341729034
"53","P",362,4,3,5,0,1.05861178310385,2.18351127879907,0.3509,1.7469,30.9090909090909,484.001,45.108,0.112,0.7,0,13.069,2.562,0.13,14.131,0,0.267,15.772,0.236,0,0.758,0.559,2.906,0,0,0.652,6.177,0.311,0,0.331,0,0.206,0,0.395,0,0,0,0.831662536,48.4139595,58.2134668862852,1.75657894736842,9.06381578947368,47.621665192,0.8662799836,55.8951439797141,3.32445590853167,-0.911729810480518,2.3679157552514,0.799201451528534,-1.670474077752,-1.60184226987832
"54","X",363,1,1,0,0,0.696418053853339,1.90827876466473,0.3017,1.7209,12.7272727272727,358.038,43.076,0.139,0.382,0,6.992,1.764,0.387,30.545,0,0.595,5.101,0.724,0,1.165,2.301,2.66,0,0,0.181,4.57,0.48,0.183,1.057,0.384,0.298,0,0,0,0,0,NA,NA,NA,2.00168918918919,9.73918918918919,48.502789306,0.9589180112,50.7801486486287,3.2960147307482,-0.764553646888171,0.454059782285952,2.25561737090364,-0.657394087885611,-1.60184226987832
"55","E",364,3,0,0,0,1.44580266635532,2.12273076526107,0.4049,1.7838,1.81818181818182,363.979,59.851,0.338,2.201,0.136,0.231,0.144,0.324,28.583,0.595,0.793,92.634,0.311,8.511,1.422,0.972,1.347,0,9.735,0.379,4.65,0.498,0,1.37,0.401,0.786,0,38.015,0,0,0,NA,NA,NA,1.6639566395664,8.92222222222222,48.2286357875,1.02753892525,47.0171702640956,0.378629374007022,-1.54279763386115,-2.01855247774465,0.127997783090587,1.38320238195298,1.64231355324093
"56","I",365,10,5,2,3,0.678675295678617,1.73281803690409,0.4106,1.7688,0.909090909090909,368.63,50.471,0.35,2.828,0.192,4.98,1.214,0.479,16.776,2.416,0.287,55.589,2.523,2.497,1.997,0.84,3.144,0.208,9.441,0.983,7.614,0,0,1.818,0,0.777,1.372,14.458,0,0,3.545,1.255149841,48.4606781,38.6094763485693,1.51209677419355,10.2064516129032,48.565077972,1.144735384,42.7304085123588,0.564463485279044,0.617082669539099,0.272052641280469,-2.9210079396708,-0.918178559071473,1.49941287427882
"57","B",368,3,4,0,0,0.754412450653483,1.24083991788897,0.3946,1.7775,0,358.66,49.178,0.302,1.45,0.328,0.239,0.096,0.147,31.466,0.398,0.899,70.439,0.32,4.966,1.898,1.345,4.25,0,6.837,0.279,6.668,0.786,0,2.552,0,0.972,0.387,52.423,0,0,0,NA,NA,NA,2.35111111111111,11.9844444444444,48.228001275,0.949053893666667,51.3820353038341,0.875005625174128,-1.12675727773199,-2.87690947332075,-2.22558128128847,0.349681579117225,0.999581587414725
"58","M",370,0,4,0,0,1.42909888075179,2.77640798633012,0.377,1.7786,0.909090909090909,92.862,63.054,0.563,5.428,0.079,5.101,3.033,1.217,16.403,0,0.667,114.093,41.953,0,2.057,0.463,4.057,1.767,0.309,0.592,6.005,0.212,0,2.898,0,0.596,2.908,110.608,1.546,2.63,19.432,NA,NA,NA,1.904,10.1584,48.255345916,1.1406139614,42.5136593252806,-4.41375043386551,3.67450200684524,0.136229498180993,-2.76369567562815,-0.105897216604925,-1.37404543082343
"59","D",372,1,3,0,0,0.808490315406757,1.85208545969564,0.3368,1.7588,0,309.73,41.153,0.205,2.332,0.58,0.243,0.087,0.337,19.903,3.663,0.436,136.464,0.127,2.541,1.059,0.549,2.518,0,7.802,0.221,4.02,0.394,0,1.52,0,0.314,0.659,111.839,0,0,11.217,0.979509652,49.91693497,50.9611465982777,2.14054054054054,12.5491891891892,49.675281524,0.8330973388,60.3955692129545,-0.492149662786512,-0.815592432817497,-2.4035575046851,0.224793076367505,0.438340010669175,1.63769460688466
"60","S",373,2,0,0,0,0.68597835224553,2.15484122524341,0.3256,1.7363,12.7272727272727,279.186,57.295,0.444,5.242,0,3.667,1.126,0.136,19.51,0,0.392,148.517,0.679,0,2.023,3.097,4.686,0,0,0,5.763,0.236,0,1.493,0,0.303,0,52.626,0,0,19.07,NA,NA,NA,1.93840579710145,11.5398550724638,48.706655122,0.8022036196,61.4420960176138,-1.88726137024908,-1.25081871908021,0.700053324991978,0.16511417515124,-1.15970251293148,-1.60184226987832
"61","K",374,10,0,0,0,0.987250149324393,2.22020894735031,0.3125,1.7416,0.909090909090909,252.607,57.199,0.443,3.536,0.543,4.962,1.929,1.882,21.086,0.694,0.55,108.663,35.432,28.611,0.617,0.382,2.827,1.073,40.951,0.115,4.705,0,0,2.143,0,0.607,2.123,90.513,0,0,8.4,NA,NA,NA,2.43457943925234,12.1233644859813,48.791540528,0.8343053222,59.1622887824581,-1.48774232203552,3.49576253823057,-1.27316935153807,-0.950766144178425,-0.128465421548254,4.22678221545085
"62","K",376,3,0,0,0,1.44299875556824,2.16286884023899,0.3913,1.7995,NA,NA,NA,NA,NA,NA,NA,NA,NA,NA,NA,NA,NA,NA,NA,NA,NA,NA,NA,NA,NA,NA,NA,NA,NA,NA,NA,NA,NA,NA,NA,NA,NA,NA,NA,NA,NA,48.791540528,0.8343053222,59.1622887824581,NA,NA,NA,NA,NA,NA
"63","V",379,1,1,0,0,1.50678115019856,2.28557666945722,0.4858,1.8079,3.63636363636364,471.416,49.385,0.131,0.469,0.111,7.637,1.485,0.171,18.712,0,0.186,10.084,0.374,0,1.016,3.162,1.259,0,0,0.161,4.052,0.677,0,1.394,0,0.664,0,0,0,0,0,NA,NA,NA,2.01923076923077,10.9977564102564,48.9050852416667,1.00643783816667,49.0621774512822,3.37292437661442,-1.05451572608063,1.29216672624869,1.1310060959127,1.94913310308719,-1.60184226987832
"64","T",380,0,0,0,0,1.1401395662192,2.52525831718254,0.4365,1.7974,0,262.819,54.084,0.242,1.42,0,0.903,0.216,0.197,13.986,6.827,0.276,77.817,1.812,2.601,1.404,2.026,2.807,0,8.36,0.302,6.53,0,0,0.752,0.242,0.296,0,17.919,0,0,0.817,NA,NA,NA,1.76201923076923,10.3329326923077,48.246979524,1.2887554406,37.8304084125129,0.670300531655961,-1.50689235516659,0.196599021375714,0.479240703025452,-1.83772061297577,2.16527174648123
"65","K",382,6,0,0,0,2.06302996780092,2.36814642369752,0.4152,1.794,0,361.222,47.938,0.245,1.206,0.323,5.111,2.37,2.553,24.217,0.725,0.663,38.339,24.412,23.597,0.615,0.445,3.003,0.411,30.353,0.135,4.536,0,0,1.924,0,0.549,0.696,25.909,0,0,1.284,NA,NA,NA,2.05329153605016,11.305329153605,48.791540528,0.8343053222,59.1622887824581,1.35276779255749,2.40134433968766,-0.720614960273242,-0.743441617100365,-0.31634110894555,3.6325512751442
"66","J",384,0,1,0,0,1.11419155504232,1.87616830468239,0.4685,1.8046,1.81818181818182,201.258,76.232,0.481,5.157,0.253,3.288,1.596,0.206,21.571,0,0.49,81.025,0.342,0,1.768,1.045,2.526,0,0,0.611,6.227,0.215,0,1.249,0,0.571,0,14.672,0,0,12.497,NA,NA,NA,2.39655172413793,14.2922413793103,49.128264618,1.1675513266,42.229903922324,-1.76208684234957,-0.924083319929558,-0.162008526010372,-1.12890096335268,-0.184857983450889,-1.60184226987832
"67","J",387,1,0,0,0,1.39915279790853,1.93121480750926,0.5578,1.806,0,94.295,70.674,0.455,5.945,0.253,3.958,1.324,0.168,17.497,0,0.338,176.916,0.364,0,2.027,1.346,3.03,0,0,0.674,6.952,0.221,0,1.837,0,0.752,0,55.444,0,6.113,33.255,NA,NA,NA,2.25833333333333,13.4458333333333,49.128264618,1.1675513266,42.229903922324,-4.57832990618994,-1.01049724024284,0.304950064013617,-2.05237184146174,-0.125936846728406,-1.60184226987832
"68","Y",388,1,0,0,0,1.95696796529861,2.59291964357389,0.4936,1.8171,8.18181818181818,193.861,58.847,0.356,4.217,0.405,6.247,4.415,1.333,19.049,0,0.912,132.133,52.105,0.469,1.189,1.397,2.505,4.146,2.02,0.22,6.7,0.567,0.581,0.936,1.115,0.39,3.576,24.629,2.373,4.685,8.941,NA,NA,NA,2.35294117647059,11.884593837535,49.428104402,1.0590504764,46.8915922931631,-2.70765059981827,5.19179448292194,-0.924364497734331,2.43677686174104,-1.70991996919141,-0.681874218165899
"69","V",389,2,0,0,0,2.19183757868155,2.69039782566314,0.4515,1.8238,NA,NA,NA,NA,NA,NA,NA,NA,NA,NA,NA,NA,NA,NA,NA,NA,NA,NA,NA,NA,NA,NA,NA,NA,NA,NA,NA,NA,NA,NA,NA,NA,NA,NA,NA,NA,NA,48.9050852416667,1.00643783816667,49.0621774512822,NA,NA,NA,NA,NA,NA
"70","M",392,0,0,0,0,2.22644983200912,2.7844356013257,0.5,1.8482,0,120.736,60.416,0.393,4.541,0.098,4.658,2.675,1.76,20.13,0,0.909,112.52,26.102,0,2.923,0.672,4.53,2.705,0.551,0.459,6.986,0.119,0,3.348,0,0.844,2.032,108.783,14.374,0,19.672,NA,NA,NA,1.87610619469027,12.4601769911504,48.255345916,1.1406139614,42.5136593252806,-3.97078447220631,3.76237809589158,-0.485343702934576,-3.81540328949926,-0.213598766029645,-1.29765274596477
"71","U",393,0,0,0,0,1.71893803408202,2.46333100150231,0.3637,1.81,0,301.539,61.959,0.284,3.107,0.196,4.795,4.131,0.132,36.303,0,1.629,112.642,0.547,0,0.94,1.413,1.488,0,0.55,0.165,3.955,0.626,0,0.585,0,0.241,0,106.532,0,0,12.739,NA,NA,NA,2.43548387096774,11.8974193548387,49.005563356,1.0754945874,45.9622379121635,-1.27322482013149,-0.28639172891764,-1.10145435952699,2.04235329869667,0.614880906924786,-1.2979289053716
"72","N",396,4,0,0,0,1.98543844405974,2.73626991135219,0.4228,1.8137,6.36363636363636,131.447,68.142,0.413,5.908,0.267,3.051,0.816,0.123,11.494,1.339,0.193,161.435,0,0.667,0.897,0.778,0.964,0,6.805,0.279,2.326,0.525,0,1.178,0.687,0.358,0,90.696,0,6.502,7.691,NA,NA,NA,2.17150395778364,10.0356200527704,47.99968338,1.0214545368,48.0055005411854,-3.81544175004128,-1.35716795287487,0.645966688462791,2.13203909776789,1.93160461762358,0.661263557507983
"73","N",397,3,0,0,0,2.22083674981435,2.8016376334591,0.44,1.826,NA,NA,NA,NA,NA,NA,NA,NA,NA,NA,NA,NA,NA,NA,NA,NA,NA,NA,NA,NA,NA,NA,NA,NA,NA,NA,NA,NA,NA,NA,NA,NA,NA,NA,NA,NA,NA,47.99968338,1.0214545368,48.0055005411854,NA,NA,NA,NA,NA,NA
"74","O",399,0,0,0,0,1.85529463554324,2.75347194348559,0.4519,1.8108,0,465.658,52.747,0.255,1.556,0,4.608,2.119,0.447,23.133,4.753,0.629,31.637,2.284,2.505,1.208,2.557,2.285,0,4.777,0.134,4.534,1.757,0,1.081,0,0.371,0,4.614,0,0,0.86,NA,NA,NA,1.979035639413,9.41236897274633,48.354571532,0.8884563446,54.959938276439,1.87648007240843,-0.481654281884598,0.538229608711502,1.58570179744187,1.11998589440954,1.56525403712407
"75","G",400,0,0,0,0,1.87295979956392,2.24543859447929,0.4584,1.826,0,331.583,63.087,0.262,1.844,0,2.974,1.027,1.186,31.97,0.32,0.599,80.48,3.3,1.519,2.576,0.578,1.968,0,5.268,0.723,4.298,1.032,0,1.381,0.238,0.75,0.279,37.341,0,0,2.548,NA,NA,NA,1.83609576427256,10.3773480662983,49.346783448,0.956262064,51.8372748822095,0.187599090672861,-0.0733677255287484,-0.472005231212494,-0.858725935280302,1.58763100807715,0.333147766519956
"76","M",401,0,0,0,0,1.71757421818793,2.77411438204567,0.4569,1.8349,0,112.532,54.581,0.416,4.482,0.106,3.928,2.3,1.503,16.161,0,0.714,109.35,17.734,0.126,2.893,0.706,4.429,2.296,0.522,0.531,6.57,0,0,3.121,0,0.746,1.982,87.678,0,0,12.479,NA,NA,NA,2.27027027027027,17.377027027027,48.255345916,1.1406139614,42.5136593252806,-2.31949976966152,3.2640020488559,-0.175732098077644,-3.79076433771827,-0.610561834297534,-1.13081312881135
"77","P",402,2,0,0,0,1.52956095261086,2.46103739721786,0.3326,1.761,20,246.44,73.664,0.468,5.374,0.082,8.567,2.63,0.168,13.831,0,0.304,74.025,0.382,0,0.788,0.903,5.626,0,0,0.376,8.227,0.469,0,0.608,0,0.278,0,15.86,0,0,5.296,0.782196045,43.63069153,55.779739374673,2.609375,12.7865625,47.621665192,0.8662799836,55.8951439797141,-1.25157612719914,-0.817643538321327,1.83683300687818,-0.0828915617242786,-2.90499177543697,-1.60184226987832
"78","W",404,5,0,0,0,2.05151052381216,2.79361001846351,0.4045,1.8253,0,335.649,50.899,0.278,2.261,0.136,8.457,1.858,5.112,25.999,0,0.731,78.573,33.831,0,1.491,0.957,2.535,1.561,0,0.677,5.731,0.807,0,0.758,1.874,0.18,0.794,30.661,0,0,1.564,NA,NA,NA,1.75879396984925,9.41876046901173,49.489682768,0.9449272872,52.768762561283,0.496518678181307,3.57143133091355,-0.387600304058607,1.64379013926397,-0.984456353975328,-1.60184226987832
"79","B",405,3,0,0,0,1.07923736137486,1.56194451771236,0.419,1.7839,0.909090909090909,224.88,63.242,0.407,4.288,0.297,0.093,0.124,0.168,24.201,0.204,0.786,92.565,0.41,2.215,2.155,1.476,4.557,0,3.715,0.25,7.198,0.83,0,2.761,0,0.996,0.454,64.229,0,0,1.598,NA,NA,NA,1.91907514450867,8.89595375722543,48.228001275,0.949053893666667,51.3820353038341,-1.20502484914756,-1.10551870509251,-2.47264831756378,-2.52179554608071,0.229039525373819,0.230517395723586
"80","H",46,11,0,0,3,1.26064197230601,2.48282663792016,0.2846,1.7623,NA,280.375,51.558,0.235,1.924,0.085,6.582,7.048,0.095,10.883,0,0.646,79.912,0,0.393,2.241,0.69,1.654,0,0.508,0.637,3.262,0.422,0,1.769,0,0.577,0,16.585,0,0,2.206,NA,NA,NA,NA,NA,49.003610992,1.089426303,45.3411144993612,0.570369829045803,-0.549238928633386,2.04419572843165,-0.933471879886325,1.96261074902396,-1.00078219623045
"81","Z",460,0,0,0,0,3.1322616287686,2.78902280989461,0.4325,1.8363,3.63636363636364,337.242,56.852,0.348,4.441,0.297,0.325,0.209,1.217,11.236,0,0.42,150.966,0.534,0.364,1.667,0.514,2.554,0.103,1.7,0.988,7.871,0,0,2.126,0,0.872,0.312,56.625,0,2.331,9.152,NA,NA,NA,2.23312883435583,10.6415132924335,48.995640564,0.7646745206,64.1227205054078,-1.73717307024647,-0.543281516472041,-1.03684628311192,-3.10036977580738,-0.515432913584465,-0.770170166995725
"82","V",461,3,3,0,0,1.38210575680996,2.6364981249785,0.4332,1.7838,0.909090909090909,421.344,68.753,0.146,0.525,0,6.287,1.392,0.273,13.121,0,0.146,9.096,0.562,0,1.258,3.829,1.295,0,0,0.174,4.389,0.828,0,1.335,0,0.615,0,0,0,0,0,NA,NA,NA,2.2089552238806,11.8587686567164,48.9050852416667,1.00643783816667,49.0621774512822,2.73007071751709,-1.11467727309065,1.90970277485607,1.1994709784893,1.86547384603206,-1.60184226987832
"83","M",462,6,2,6,5,1.49225131606363,2.73053590064106,0.4494,1.7923,0,107.488,44.478,0.379,3.473,0,5.243,2.65,1.382,20.993,0,0.721,114.902,40.086,0,2.238,0.624,4.254,1.478,0.565,1.395,5.954,0.132,0,2.934,0,0.691,2.368,129.528,1.894,3.373,24.816,1.263033271,48.51535034,38.4117754092006,1.79261363636364,10.0829545454545,48.255345916,1.1406139614,42.5136593252806,-3.61029719744796,3.32182108871366,0.0419356726669233,-3.48239720043828,-0.128660726305198,-1.29381250975743
"84","G",465,2,0,0,0,2.53185384658002,2.64911294854299,0.3906,1.812,0,320.611,45.925,0.289,2.25,0,3.984,1.198,2.137,34.901,0.313,0.59,101.148,4.268,1.395,2.65,0.624,2.101,0,4.53,0.497,3.982,1.023,0,1.668,0,0.839,0.556,60.464,0,0,3.466,NA,NA,NA,1.93736951983299,10.2043841336117,49.346783448,0.956262064,51.8372748822095,0.0392917186855711,0.602106106710416,-0.467399916815352,-1.38099142245334,2.04775756031629,0.235202560173432
"85","P",467,0,0,1,3,2.18795261035836,2.63420452069404,0.484,1.8163,10,423.054,49.712,0.198,1.13,0,15.248,3.181,0.114,19.682,0,0.392,38.27,0.109,0,0.91,0.591,3.111,0,0,0,6.429,0.297,0,0.402,0,0.264,0,6.225,0,0,0,0.886206508,48.62010956,54.863182701881,2.0547619047619,10.2911904761905,47.621665192,0.8662799836,55.8951439797141,2.17780168456714,-0.822138868595835,2.04099412019984,1.26043317132352,-1.67080744739559,-1.60184226987832
"86","G",469,1,0,0,0,1.51835188523831,2.45989059507563,0.3109,1.7713,0,298.844,58.009,0.321,3.567,0.135,4.286,1.386,3.087,33.092,0.272,0.561,102.102,4.928,1.647,3.205,0.714,2.411,0.218,6.805,0.664,4.642,1.057,0,1.715,0,0.905,0.915,71.361,0,0,2.865,1.061132073,49.23273849,46.3964286281638,1.63356643356643,8.42811188811189,49.346783448,0.956262064,51.8372748822095,-0.701634144483327,1.49388794137528,-0.792296087649263,-1.99419848619093,1.78357650140893,0.456464656708315
"87","K",471,0,2,0,0,1.54827824075426,2.46791821007122,0.3922,1.783,0,354.36,43.178,0.266,1.438,0.342,8.433,3.04,3.46,30.645,1.142,0.644,32.436,22.617,39.439,0.771,0.829,3.849,0.742,46.851,0.141,4.481,0,0,1.585,0,0.438,0.483,20.124,0,0,0.764,0.715160847,48.62056732,67.9854993795543,NA,NA,48.791540528,0.8343053222,59.1622887824581,1.51067487400953,2.83743305084549,-0.55162917973924,-0.478315264732982,-0.94234101725025,5.02941476674433
"88","G",472,1,0,0,1,2.52978116205823,2.6410853335474,0.433,1.8181,0,416.421,46.85,0.241,0.971,0,4.279,1.332,0.68,34.93,0.275,0.538,24.839,1.138,1.548,3.008,0.695,3.372,0,4.145,0.768,6.57,1.63,0,1.559,0,0.858,0,8.589,0,0,0.227,0.901273847,49.31103516,54.7125996434245,1.675,9.01321428571429,49.346783448,0.956262064,51.8372748822095,2.14965257212082,-0.725631860106983,-0.0365275489063885,-2.20547624053274,0.777365668925398,0.204426022610541
"89","E",474,6,0,0,0,2.70763748438547,2.41860571795548,0.5341,1.8372,2.72727272727273,305.19,58.002,0.373,3.433,0.188,0.403,0.209,0.293,28.343,0.801,0.639,138.996,0.156,8.6,1.229,0.651,1.231,0,11.068,0.305,4.396,0.444,0,1.233,0.409,0.94,0.288,63.113,0,0,0,NA,NA,NA,2.05947955390335,11.6011152416357,48.2286357875,1.02753892525,47.0171702640956,-0.52481030164162,-1.29318511331891,-1.91132386707958,0.121838344449907,1.53919551064644,1.81910958423727
"90","Y",475,2,0,0,0,2.26117387352474,2.24773219876375,0.5808,1.8303,16.3636363636364,197.329,61.272,0.326,2.426,0.385,7.901,5.281,1.413,21.21,0,0.972,133.026,59.187,0.354,1.076,1.211,2.065,1.743,1.888,0.183,5.025,0.536,0.5,0.934,1.027,0.325,3.337,43.255,1.715,1.875,7.211,NA,NA,NA,2.35238095238095,10.2183333333333,49.428104402,1.0590504764,46.8915922931631,-2.09158578974512,4.64448232526301,-0.760422333480251,2.87952365486335,-0.977940251152684,-0.745513633455615
"91","A",477,5,0,0,0,3.27400773604852,2.73512310920997,0.4289,1.8376,NA,NA,NA,NA,NA,NA,NA,NA,NA,NA,NA,NA,NA,NA,NA,NA,NA,NA,NA,NA,NA,NA,NA,NA,NA,NA,NA,NA,NA,NA,NA,NA,NA,NA,NA,NA,NA,49.11685562,1.0307981968,47.8206873923494,NA,NA,NA,NA,NA,NA
"92","I",479,5,5,0,0,3.59208195536741,2.62617690569846,0.5567,1.8656,NA,NA,NA,NA,NA,NA,NA,NA,NA,NA,NA,NA,NA,NA,NA,NA,NA,NA,NA,NA,NA,NA,NA,NA,NA,NA,NA,NA,NA,NA,NA,NA,NA,NA,NA,NA,NA,48.565077972,1.144735384,42.7304085123588,NA,NA,NA,NA,NA,NA
"93","A",481,2,0,0,0,3.69364218177958,2.63535132283627,0.4769,1.8627,0,315.837,71.645,0.151,0.409,0.068,0,0,0.123,18.748,0,0.364,5.726,0.348,0,1.766,0.644,2.649,0.208,0.207,0.216,5.242,0.171,0,1.205,0,0.583,0,0.671,0,0,0,1.11966598,49.14498138,43.8925378263257,2.1985559566787,11.4945848375451,49.11685562,1.0307981968,47.8206873923494,2.33541136197501,-1.79194407743373,-1.00513586924951,-0.850175522518958,-0.0257641411864508,-1.41539603118767
"94","X",492,2,0,0,0,1.84845714390064,2.60897487356506,0.3312,1.7869,22.7272727272727,344.807,44.931,0.242,0.832,0,8.378,2.115,0.444,27.925,0,0.616,27.402,1.41,0,1.593,2.528,2.821,0,0,0.196,4.646,0.68,0.188,1.422,0.273,0.382,0,1.263,0,0,0,NA,NA,NA,1.86201022146508,9.03696763202726,48.502789306,0.9589180112,50.7801486486287,2.29340690336665,-0.492977538890365,0.699361257673957,1.59288343740868,-0.18588158289466,-1.60184226987832
"95","R",493,4,1,4,1,1.70701483746116,2.21906214520809,0.3614,1.8026,1.81818181818182,142.707,57.259,0.351,3.164,0.217,14.095,4.204,0.107,12.884,0.329,0.244,115.656,0.774,0.495,0.72,1.969,2.332,0,3.098,0.421,5.224,0.837,0,1.264,0.358,0.462,0,38.324,0,2.769,26.664,NA,NA,NA,2.13928571428571,10.2925,48.111562348,1.2088635922,40.2915967181854,-2.52565748908239,-0.381491664370016,2.21794493871626,1.20840167135373,0.280550083948581,-0.141418186574733
"96","H",494,8,0,2,2,3.10000218801048,2.77067397561899,0.4054,1.8529,0,199.885,69.394,0.393,4.878,0.078,6.588,5.697,0.063,7.13,0,0.452,118.254,0,0.273,3.629,0.845,2.531,0,0.432,0.897,4.843,0.586,0,2.482,0,0.771,0,69.673,0,1.923,12.336,NA,NA,NA,2.19945355191257,11.8789617486339,49.003610992,1.089426303,45.3411144993612,-2.68905582509859,-0.715320742642937,2.61805638031574,-2.72358096893303,1.60608143105776,-1.07497284729402
"97","X",495,1,0,0,0,2.30934274617372,2.47938623149348,0.3697,1.8134,30.9090909090909,468.114,51.869,0.215,0.542,0,8.36,2.455,0.324,25.845,0,0.748,15.195,0.851,0,1.568,2.424,2.302,0,0,0.216,3.787,0.446,0.135,1.115,0.181,0.313,0,1.605,0,0,0,NA,NA,NA,2.38738738738739,9.9963963963964,48.502789306,0.9589180112,50.7801486486287,2.8120282742254,-0.572782927636294,0.704822496695871,1.89972664000492,0.0824657704156885,-1.60184226987832
"98","K",497,4,3,0,0,NA,NA,NA,NA,0,342.181,50.468,0.204,0.849,0.253,5.661,2.648,3.024,25.708,0.768,0.764,17.59,16.639,22.416,0.7,0.687,3.384,0.518,23.198,0.108,4.76,0.119,0,2.069,0,0.537,0.296,10.16,0,0,0,0.941458821,48.88948441,51.9294984756428,2.24528301886792,10.9056603773585,48.791540528,0.8343053222,59.1622887824581,2.10413835629736,2.18755650413979,-0.530105242712675,-0.569672567114644,-0.111976636771968,3.30493395164211
"99","F",499,2,0,1,2,NA,NA,NA,NA,NA,NA,NA,NA,NA,NA,NA,NA,NA,NA,NA,NA,NA,NA,NA,NA,NA,NA,NA,NA,NA,NA,NA,NA,NA,NA,NA,NA,NA,NA,NA,NA,NA,NA,NA,NA,NA,NA,NA,NA,NA,NA,NA,NA,NA,NA
"100","R",501,2,0,1,1,NA,NA,NA,NA,10.9090909090909,310.207,68.938,0.273,1.522,0,19.951,5.014,0.213,16.168,1.696,0.267,92.445,0.799,2.171,1.312,2.42,3.251,0,7.857,0.212,5.538,0.641,0,2.234,1.024,0.572,0,37.442,0,0,22.204,NA,NA,NA,1.79225352112676,8.50211267605634,48.111562348,1.2088635922,40.2915967181854,-0.664783915934598,-0.382745669878612,2.87619217083959,0.355814330805745,0.119649830566777,1.163905428218
"101","Q",502,0,0,1,1,NA,NA,NA,NA,3.63636363636364,270.196,67.22,0.355,2.838,0,1.594,1.049,0.249,25.583,0.389,1.246,64.409,0.241,3.56,2.151,0.251,4.171,0,11.637,0.332,6.393,0,0,0.906,0,0.292,0.264,54.295,0,0,3.527,NA,NA,NA,1.91758241758242,10.2436813186813,49.360918045,1.127515167,43.873397689227,-0.641018857579521,-0.930577360720378,-1.14846465823064,-1.47459030318614,-2.15715189192754,1.15270000093678
"102","S",503,1,1,0,0,NA,NA,NA,NA,3.63636363636364,223.336,66.122,0.376,4.644,0,2.411,0.683,0.071,18.338,0,0.305,199.237,0,0,1.537,2.288,3.615,0,0,0,4.988,0.144,0,1.247,0,0.253,0,69.345,0,4.006,33.337,NA,NA,NA,1.82986111111111,11.6267361111111,48.706655122,0.8022036196,61.4420960176138,-3.49428698156213,-1.7209944878442,0.548733537886633,0.761341947501635,-0.855903399308804,-1.60184226987832
"103","U",506,0,3,0,0,2.26909899847922,2.40255048796431,0.3836,1.8229,4.54545454545454,377.151,68.12,0.211,2.58,0.127,9.592,5.578,0.104,26.588,0,0.921,124.13,0.48,0.255,1.001,1.349,1.365,0,0.722,0.221,3.568,0.45,0,0.696,0,0.277,0,104.111,0,0,8.348,NA,NA,NA,1.84057971014493,8.48647342995169,49.005563356,1.0754945874,45.9622379121635,-0.772226888829611,-0.307239523469312,0.702999833910719,1.7458425459009,0.885594127113872,-1.00474661972036
"104","Z",510,5,0,0,0,2.81903901681065,2.79705042489019,0.3686,1.8301,6.36363636363636,398.751,50.53,0.3,3.511,0.211,0.154,0.152,0.782,9.582,0,0.486,85.004,0.437,0.702,1.535,0.467,2.791,0,3.527,0,7.134,0,0,1.828,0,0.661,0,29.246,0,0,3.675,0.773803473,49.59204865,64.088687089674,1.71929824561404,8.37543859649123,48.995640564,0.7646745206,64.1227205054078,0.25983013853654,-1.24346256134061,-0.753719221163683,-1.45423707947816,-0.81424992001798,-0.419275036186721
"105","L",511,13,0,0,0,1.70161744071154,2.69039782566314,0.349,1.8089,2.72727272727273,457.457,53.518,0.371,0.683,0,5.924,1.305,0.199,10.041,0.451,0.114,9.296,0.29,3.05,0.916,0.965,1.566,0,4.243,0.139,1.993,0.496,0,1.703,0,0.446,0,0.413,0,0,0,NA,NA,NA,1.79220779220779,8.75194805194805,49.282575226,0.8306997418,60.1190874362029,2.50337031241739,-1.27170588225032,2.19297899198503,1.04920797842969,2.32859646803568,0.562438573275311
"106","E",514,2,0,0,0,2.28523726736678,2.40713769653322,0.4046,1.8447,0,251.438,62.63,0.39,3.366,0.161,0.307,0.173,0.245,27.246,0.565,0.745,121.576,0.23,5.146,1.557,0.975,1.426,0,7.682,0.408,4.403,0.578,0,1.483,0,0.852,0.302,66.526,0,1.657,0.173,NA,NA,NA,1.72142857142857,9.4097619047619,48.2286357875,1.02753892525,47.0171702640956,-1.39001600568299,-1.30669878752713,-2.00886205331464,-0.590200066041503,1.85802176696909,1.16622691307888
"107","S",518,8,0,0,0,3.14304984649206,2.98512597621532,0.4861,1.8419,0.909090909090909,249.759,63.839,0.546,6.184,0,5.911,1.462,0.183,18.301,0,0.295,209.768,0.361,0,1.436,2.262,3.103,0,0,0,4.43,0.174,0,1.3,0,0.242,0,73.054,0,3.722,29.29,0.864971876,48.86071014,56.488206721764,1.72363636363636,10.8945454545455,48.706655122,0.8022036196,61.4420960176138,-3.81013843020387,-1.17653315136813,1.29803123369835,1.04697996010138,-0.368255156307488,-1.60184226987832
"108","D",52,8,4,1,0,0.891985570631619,2.3325955572885,0.2723,1.7038,0,411.321,57.715,0.387,3.154,0.367,0.123,0.069,0.371,23.964,4.254,0.584,54.361,0.184,5.341,1.715,0.399,3.176,0,14.062,0.411,4.116,0.517,0,1.485,0,0.258,0,49.43,0,0,0.869,NA,NA,NA,1.36144578313253,8.1055421686747,49.675281524,0.8330973388,60.3955692129545,0.230806116545804,-1.45611660798845,-2.25116708435295,-0.400178712792122,0.140470177962817,2.48482266290354
"109","A",520,4,0,0,0,2.72246454358508,2.68695741923646,0.3595,1.8528,1.81818181818182,454.317,52.063,0.231,0,0,0,0,0,20.753,0,0.41,0,0,0,1.647,0.603,2.366,0,0,0.286,5.294,0.217,0,1.052,0,0.513,0,0,0,0,0,1.030895233,49.39281845,47.9125490824731,2.13385826771654,11.0728346456693,49.11685562,1.0307981968,47.8206873923494,3.76659365650812,-2.27463231742081,-0.94195253015477,-0.557649000797439,-0.0166747155780567,-1.60184226987832
"110","U",521,3,0,0,0,1.24869773320269,2.46562460578676,0.3555,1.7732,0,122.049,81.232,0.313,3.52,0.2,5.58,2.97,0.094,24.906,0,0.895,175.327,0.608,0,1.532,2.23,2.258,0,0,0.158,5.47,0.704,0,1.094,0.377,0.401,0,127.521,0,4.991,20.92,NA,NA,NA,2.48780487804878,12.2409756097561,49.005563356,1.0754945874,45.9622379121635,-4.07351967470822,-0.554464311405756,-0.0999573773245918,1.18294743207127,0.115831716312172,-1.60184226987832
"111","Q",523,0,0,0,0,2.11146581694604,3.05622770903336,0.4232,1.8168,0.909090909090909,257.528,55.258,0.304,2.222,0.164,1.893,1.023,0.231,30.693,0.33,1.271,74.914,0.195,3.815,2.274,0.261,5.08,0,12.053,0.697,7.537,0.311,0,1.019,0,0.353,0,58.116,0,0,4.004,1.196421266,49.67525864,41.5198726833731,1.98543689320388,10.1864077669903,49.360918045,1.127515167,43.873397689227,-0.313358220672889,-1.00898500877174,-1.68982862992731,-1.95202785051802,-2.05822025319558,1.17651248671016
"112","E",527,4,0,0,0,2.67102882553501,2.63764492712072,0.4283,1.8357,0,336.217,52.051,0.354,2.777,0.157,0.23,0.173,0.343,33.113,0.662,0.828,95.265,0.264,6.49,1.352,0.841,1.42,0,8.008,0.314,4.243,0.558,0,1.499,0,0.862,0.278,54.043,0,0,0.543,NA,NA,NA,1.60576923076923,8.42764423076923,48.2286357875,1.02753892525,47.0171702640956,0.00987154137962212,-1.25354380827416,-2.34933170519557,-0.442456858152198,1.88619657120206,1.37001262933542
"113","Z",529,1,0,0,0,3.17308930535121,2.61585568641842,0.4588,1.8611,8.18181818181818,414.745,58.227,0.27,2.91,0.266,0.171,0.17,1.241,12.229,0,0.545,78.963,0.558,0.618,1.273,0.398,2.2,0,1.905,0.701,6.038,0,0,1.695,0,0.697,0,30.502,0,0,3.145,0.802311182,49.11040115,61.2111637626409,2.16079295154185,9.97929515418502,48.995640564,0.7646745206,64.1227205054078,0.357325117126889,-0.944811936812929,-1.23188849700165,-1.92592114136519,-0.203168212293485,-0.64877108282721
"114","J",53,1,3,1,2,1.54706303739251,2.23053016663035,0.4859,1.8168,NA,NA,NA,NA,NA,NA,NA,NA,NA,NA,NA,NA,NA,NA,NA,NA,NA,NA,NA,NA,NA,NA,NA,NA,NA,NA,NA,NA,NA,NA,NA,NA,1.219747424,49.10616302,40.2592881557092,NA,NA,49.128264618,1.1675513266,42.229903922324,NA,NA,NA,NA,NA,NA
"115","A",532,4,0,0,0,3.01318090540263,2.56424959001823,0.3533,1.8624,0,455.183,56.195,0.179,0.232,0.077,0,0,0,25.817,0,0.471,5.296,0.388,0,2.16,0.874,2.704,0,0.167,0.339,5.562,0.31,0,1.691,0,0.793,0,0.711,0,0,0,0.952981889,49.6169281,52.0649224006397,1.90566037735849,10.2343396226415,49.11685562,1.0307981968,47.8206873923494,3.15018503531305,-2.04703683569615,-1.509539806041,-1.64544141284928,0.540718663220074,-1.43437625361338
"116","T",533,1,0,0,0,2.62420535660798,3.37274510028785,0.4667,1.8461,NA,NA,NA,NA,NA,NA,NA,NA,NA,NA,NA,NA,NA,NA,NA,NA,NA,NA,NA,NA,NA,NA,NA,NA,NA,NA,NA,NA,NA,NA,NA,NA,NA,NA,NA,NA,NA,48.246979524,1.2887554406,37.8304084125129,NA,NA,NA,NA,NA,NA
"117","G",534,9,0,0,0,1.16663336678475,2.53557953646257,0.2197,1.7967,0,264.561,56.572,0.3,1.851,0,4.491,1.341,1.247,30.794,0.233,0.679,98.437,3.967,1.046,2.75,0.622,2.498,0,3.749,0.608,4.569,1.251,0,1.621,0,0.735,0.297,54.428,0,0,5.849,NA,NA,NA,1.97003745318352,9.74662921348315,49.346783448,0.956262064,51.8372748822095,-0.410451407204203,0.197419863892832,-0.234368534895925,-1.47314840499453,1.59967645863062,0.0258994508237048
"118","L",535,6,0,0,0,2.65314534575887,2.71333386850767,0.3259,1.8478,0,445.179,47.384,0.273,0.792,0,5.517,1.128,0.225,12.83,0.385,0.15,5.922,0.251,8.593,1.029,1.008,1.698,0,9.74,0.144,2.174,0.626,0,2.025,0,0.531,0,1.325,0,0,0,NA,NA,NA,2.06060606060606,10.5186147186147,49.282575226,0.8306997418,60.1190874362029,2.78061710142467,-1.31030077957902,1.77332325672211,0.627164036954326,2.51404194679678,1.54634155661438
"119","Z",536,11,0,0,0,3.19870852773974,2.4713586164979,0.4926,1.8607,0.909090909090909,337.173,49.681,0.323,4.087,0.255,0.35,0.274,1.383,9.899,0,0.389,132.353,0.478,0.287,1.435,0.582,2.362,0,1.429,0.841,7.119,0.104,0,1.834,0,0.762,0.315,61.706,0,1.657,14.316,NA,NA,NA,2.0972850678733,11.4251131221719,48.995640564,0.7646745206,64.1227205054078,-1.47925470901554,-0.617048757433629,-0.706745776402474,-2.14420836838378,-0.0932207319527578,-0.847923904885557
"120","H",54,4,0,0,1,1.50131668053612,2.45645018864895,0.3257,1.7577,0,201.052,69.671,0.342,4.085,0.105,4.967,4.963,0.086,7.712,0,0.491,146.193,0,0.252,2.235,0.48,1.801,0,0.435,0.677,3.749,0.588,0,1.678,0,0.573,0,43.733,0,2.869,10.187,NA,NA,NA,2.18151815181518,11.8950495049505,49.003610992,1.089426303,45.3411144993612,-2.44908811957464,-0.76752413256593,2.15752123514616,-1.06924496810799,1.72794540547111,-1.08414216282025
"121","W",541,1,7,0,0,2.07195855613746,2.73741671349442,0.4111,1.7937,4.54545454545454,248.749,49.734,0.251,2.851,0.123,8.329,1.667,3.23,18.971,0,0.557,128.483,53.383,0,1.983,1.114,3.298,3.006,0,0.651,6.326,0.88,0,0.998,2.307,0.197,1.992,54.138,0,0,6.015,0.945927799,48.99619293,51.7969690517574,2.08995815899582,10.3167364016736,49.489682768,0.9449272872,52.768762561283,-0.571279369600398,4.35940188588774,-0.0442390088296614,1.09718653186345,-1.31290125761299,-1.60184226987832
"122","Z",55,6,0,0,0,1.57987747362537,2.16516244452345,0.3668,1.7769,NA,NA,NA,NA,NA,NA,NA,NA,NA,NA,NA,NA,NA,NA,NA,NA,NA,NA,NA,NA,NA,NA,NA,NA,NA,NA,NA,NA,NA,NA,NA,NA,NA,NA,NA,NA,NA,48.995640564,0.7646745206,64.1227205054078,NA,NA,NA,NA,NA,NA
"123","Q",557,0,18,0,1,NA,NA,NA,NA,NA,NA,NA,NA,NA,NA,NA,NA,NA,NA,NA,NA,NA,NA,NA,NA,NA,NA,NA,NA,NA,NA,NA,NA,NA,NA,NA,NA,NA,NA,NA,NA,1.055861592,50.06020355,47.4117099526052,NA,NA,49.360918045,1.127515167,43.873397689227,NA,NA,NA,NA,NA,NA
"124","W",558,19,2,0,0,2.78846692011436,2.79131641417906,0.4284,1.8361,0,320.675,62.549,0.248,1.9,0.109,9.249,2.034,4.061,24.654,0,0.652,68.795,37.289,0,1.393,0.955,2.798,1.502,0,0.585,5.636,0.739,0,0.867,1.908,0.181,0.982,36.638,0,0,2.687,NA,NA,NA,1.91457286432161,10.6103015075377,49.489682768,0.9449272872,52.768762561283,0.247800482948576,3.5199930312085,-0.0709327869046114,1.60116005697965,-1.08215358937495,-1.60184226987832
"125","I",562,11,2,14,6,2.46996396021546,2.4369545522311,0.529,1.8322,0,283.743,66.634,0.429,2.78,0.204,7.304,1.894,0.499,17.401,2.22,0.325,101.942,3.676,1.531,1.562,0.787,3.229,0,5.02,0.763,7.317,0,0,1.803,0,0.778,2.808,29.864,0,0,12.52,NA,NA,NA,1.83333333333333,13.397311827957,48.565077972,1.144735384,42.7304085123588,-1.04195240094116,1.2568040396235,0.378853968033463,-2.55699713464693,-0.945203175502347,0.945401820391438
"126","T",566,1,4,0,1,2.05723670935013,3.00118120620649,0.4522,1.8183,0,252.484,69.84,0.324,2.051,0.067,0.927,0.185,0.259,14.731,7.142,0.215,105.033,2.516,2.576,1.866,2.554,3.239,0,8.163,0.49,7.354,0,0,0.969,0,0.298,0,24.606,0,0,1.612,NA,NA,NA,2.15467625899281,11.6665467625899,48.246979524,1.2887554406,37.8304084125129,-0.36315972586592,-1.34212191035435,0.0232900925693837,-0.603808525301599,-1.88228434915469,2.18816823751636
"127","O",569,9,10,0,0,3.47717290414808,3.2098991960917,0.4997,1.8614,0,454.657,54.175,0.27,1.546,0.1,4.978,2.112,0.582,31.601,6.665,0.767,27.562,1.702,2.132,0.633,1.737,1.499,0,4.301,0,3.315,1.333,0,1.022,0,0.375,0.411,7.564,0,0,0.217,NA,NA,NA,1.86885245901639,8.44644808743169,48.354571532,0.8884563446,54.959938276439,1.84399477425295,0.0342947732361013,-0.36647726997621,2.57000281102357,1.74679010212765,1.73371232815269
"128","U",587,2,3,0,0,1.31849827781505,2.38878886225759,0.352,1.7651,3.63636363636364,230.73,74.794,0.188,2.264,0.132,6.141,4.535,0.081,31.684,0,1.407,135.913,0.475,0,0.888,1.634,1.542,0,0.619,0.373,4.067,0.554,0,0.753,0.29,0.272,0,114.211,0,0,16.65,NA,NA,NA,2.23287671232877,10.0461187214612,49.005563356,1.0754945874,45.9622379121635,-1.6690051366171,-0.368364947816164,-0.386366260015832,2.05980203800603,0.462212888383549,-1.27942835408101
"129","G",59,6,0,1,0,2.61355654533077,2.47709262720903,0.4216,1.8325,0,459.711,57.543,0.189,1.106,0,3.761,1.25,0.746,32.339,0.36,0.627,36.59,1.201,2.099,1.964,0.537,1.588,0,4.958,0.332,3.03,0.73,0,0.692,0,0.325,0,11.675,0,0,0.269,NA,NA,NA,1.89261744966443,11.0787472035794,49.346783448,0.956262064,51.8372748822095,1.93546669555077,-0.683903846224147,-0.180843318152671,0.804662059754093,1.33710652161577,0.435143338320216
"130","W",590,10,1,0,0,1.57680658634214,2.44383536508446,0.4316,1.8131,0,293.005,51.44,1.121,9.847,0,7.399,1.584,3.265,19.632,0,0.456,77.184,25.159,0,1.565,0.841,2.766,2.962,0,0.286,6.053,0.762,0,0.931,2.033,0.227,1.036,23.71,0,0,1.9,0.999313235,49.4318161,49.4657874715329,2.22849462365591,10.1559139784946,49.489682768,0.9449272872,52.768762561283,-1.93152375462982,3.44686759895495,0.515119393816919,1.51961199413978,-1.05553710211603,-1.60184226987832
"131","Y",60,8,0,0,0,1.85813405551947,2.39911008153763,0.4775,1.7931,28.1818181818182,215.728,61.119,0.351,3.356,0.464,7.411,5.18,1.552,19.802,0,0.844,124.62,70.466,0.477,0.909,1.287,2.282,3.424,2.19,0.435,6.005,0.515,0.577,0.848,1.066,0.33,3.094,42.569,2.354,3.131,6.176,1.12046957,49.983284,44.6092293251659,1.98376623376623,11.6418831168831,49.428104402,1.0590504764,46.8915922931631,-2.38774539567441,5.22308683204979,-0.782652642343944,2.68844935301466,-1.59060328196675,-0.654994413663946
"132","P",62,7,7,3,0,2.1784177354961,2.92205185839287,0.4101,1.7848,25.4545454545455,376.836,46.659,0.112,0.384,0,12.69,2.839,0.094,17.631,0,0.275,7.374,0.107,0,0.569,0.88,4.189,0,0,0.312,7.641,0.303,0,0.457,0,0.278,0,1.935,0,0,0,NA,NA,NA,1.97597597597598,10.3915915915916,47.621665192,0.8662799836,55.8951439797141,3.14581611836058,-0.965695868302249,2.1761834269501,0.554079609276124,-2.49630455668641,-1.60184226987832
"133","Q",63,0,4,2,2,1.69205757790137,2.88076698127272,0.3866,1.7954,NA,NA,NA,NA,NA,NA,NA,NA,NA,NA,NA,NA,NA,NA,NA,NA,NA,NA,NA,NA,NA,NA,NA,NA,NA,NA,NA,NA,NA,NA,NA,NA,NA,NA,NA,NA,NA,49.360918045,1.127515167,43.873397689227,NA,NA,NA,NA,NA,NA
"134","B",65,13,0,0,0,1.54593463427088,2.0630970538653,0.4138,1.7931,NA,418.859,59.371,0.239,0.166,0.263,0.233,0.118,0.15,40.646,0.233,0.693,0,0.299,4.166,1.375,1.254,3.467,0,4.222,0.22,5.398,0.615,0,1.944,0,0.767,0,0,0,0,0,NA,NA,NA,NA,NA,48.228001275,0.949053893666667,51.3820353038341,3.20037349375596,-1.60943056089037,-2.59614725322415,-1.04346281493749,0.468797435514198,0.576378751859409
"135","S",658,14,1,0,0,NA,NA,NA,NA,NA,NA,NA,NA,NA,NA,NA,NA,NA,NA,NA,NA,NA,NA,NA,NA,NA,NA,NA,NA,NA,NA,NA,NA,NA,NA,NA,NA,NA,NA,NA,NA,NA,NA,NA,NA,NA,NA,NA,NA,NA,NA,NA,NA,NA,NA
"136","N",69,15,0,0,0,2.65904381662194,3.21563320680283,0.3285,1.8493,NA,NA,NA,NA,NA,NA,NA,NA,NA,NA,NA,NA,NA,NA,NA,NA,NA,NA,NA,NA,NA,NA,NA,NA,NA,NA,NA,NA,NA,NA,NA,NA,NA,NA,NA,NA,NA,47.99968338,1.0214545368,48.0055005411854,NA,NA,NA,NA,NA,NA
"137","Z",71,14,0,0,0,3.39897903934663,2.78328879918348,0.42,1.8551,NA,NA,NA,NA,NA,NA,NA,NA,NA,NA,NA,NA,NA,NA,NA,NA,NA,NA,NA,NA,NA,NA,NA,NA,NA,NA,NA,NA,NA,NA,NA,NA,NA,NA,NA,NA,NA,48.995640564,0.7646745206,64.1227205054078,NA,NA,NA,NA,NA,NA
"138","E",72,4,0,0,0,2.02027032829794,2.51149669147582,0.4562,1.8075,0,276.248,63.409,0.381,3.097,0.202,0.323,0.177,0.142,27.524,0.47,0.956,111.713,0,9.101,1.245,0.727,1.555,0,9.954,0.425,4.964,0.674,0,1.418,0,0.766,0.235,56.696,0,0,0,1.018353343,48.63980865,47.7631943611148,1.79646017699115,10.1616519174041,48.2286357875,1.02753892525,47.0171702640956,-0.530856656454862,-1.40267854502456,-2.33579885897149,-0.47031826018809,1.45010072504188,1.64692868947067
"139","P",73,17,1,0,0,2.60092711039253,3.10783380543355,0.4163,1.811,24.5454545454545,473.562,49.979,0.089,0.117,0,14.378,2.873,0.235,17.837,0,0.296,2.47,0,0,0.856,1.166,4.998,0,0,0,8.454,0.41,0,0.527,0,0.288,0,0,0,0,0,NA,NA,NA,1.87064676616915,9.47114427860696,47.621665192,0.8662799836,55.8951439797141,3.90655677527522,-0.860154902945803,2.19866084023302,0.750434847064751,-2.80851536389802,-1.60184226987832
"140","N",74,8,0,0,0,2.11936463879745,2.94613470337963,0.3169,1.8,0.909090909090909,314.972,53.735,0.292,1.465,0.065,4.323,1.25,0.135,25.291,2.463,0.36,37.153,0.301,1.61,0.825,1.438,1.09,0,7.988,0.146,2.061,0.404,0,1.05,0.778,0.295,0,5.902,0,0,0,NA,NA,NA,2.19558359621451,10.5637223974763,47.99968338,1.0214545368,48.0055005411854,1.42315568725573,-1.2505435452042,0.421755461126241,2.8232199988296,1.68590970420582,1.25531841448908
"141","J",75,6,5,0,2,2.0752096196767,2.53328593217812,0.449,1.8178,1.81818181818182,278.403,60.628,0.357,2.908,0.191,3.861,1.438,0.121,25.235,0,0.499,104.846,0.304,0,1.358,0.829,2.378,0,0,0.463,5.939,0.323,0,1.279,0,0.51,0,86.675,0,1.708,3.386,NA,NA,NA,2.24137931034483,13.2551724137931,49.128264618,1.1675513266,42.229903922324,-1.44546887635708,-1.05831950395226,-0.138987464643567,-0.633237874704482,-0.0189460007397544,-1.60184226987832
"142","T",77,1,0,0,0,2.49436271862161,3.28444133533641,0.4474,1.8026,0,317.602,59.339,0.259,2.415,0.069,1.09,0.271,0.26,16.742,8.107,0.248,79.9,1.839,3.405,1.028,1.612,2.499,0,9.747,0.412,6.434,0,0,0.605,0.271,0.192,0.214,19.556,0,0,0.807,NA,NA,NA,1.89847715736041,10.0604060913706,48.246979524,1.2887554406,37.8304084125129,0.43927377015059,-1.16052557515203,-0.132779604362163,1.00104786091493,-2.02387326337762,2.53474897948746
"143","Q",81,0,0,0,0,0.971808912668147,2.58145162215163,0.3696,1.7818,18.1818181818182,380.327,51.995,0.17,0.452,0,0.773,0.635,0.26,32.048,0.348,1.518,5.322,0.365,5.898,2.211,0.485,3.73,0,13.139,0.313,5.981,0.129,0,0.672,0,0.252,0,0.269,0,0,0.287,NA,NA,NA,2.07553956834532,11.9086330935252,49.360918045,1.127515167,43.873397689227,2.84237712507257,-1.2685862612096,-1.9782695779247,-0.610892553080997,-1.62958541677149,1.48410069392664
"144","Z",86,19,0,0,0,1.71460591300667,2.45186298008005,0.2869,1.8188,NA,NA,NA,NA,NA,NA,NA,NA,NA,NA,NA,NA,NA,NA,NA,NA,NA,NA,NA,NA,NA,NA,NA,NA,NA,NA,NA,NA,NA,NA,NA,NA,NA,NA,NA,NA,NA,48.995640564,0.7646745206,64.1227205054078,NA,NA,NA,NA,NA,NA
"145","*",87,6,0,1,0,2.24771589083984,2.44842257365337,0.3788,1.8138,1.81818181818182,467.056,45.322,0.095,0.671,0,7.019,1.852,6.051,17.502,0,0.705,14.937,23.017,0,1.248,2.192,2.391,1.006,0,0.168,4.685,0.697,0.345,0.953,1.45,0.251,0,1.122,0,0,0,NA,NA,NA,1.93388429752066,11.6592286501377,48.780740358,0.9150824786,53.3981372541112,3.30467793522168,2.49564915106064,0.585510097445346,3.26195973035757,-0.915487313430008,-1.60184226987832
"146","Y",90,10,0,0,0,2.56969875127469,2.50576268076469,0.5211,1.842,48.1818181818182,257.055,58.375,0.335,2.441,0.278,8.717,6.012,1.82,23.276,0,1.096,114.978,73.647,0.765,0.812,1.057,1.853,3.62,2.11,0.355,5.41,0.549,0.424,0.784,0.798,0.356,2.339,29.207,0,1.866,4.345,NA,NA,NA,1.79008746355685,8.47930029154519,49.428104402,1.0590504764,46.8915922931631,-1.01390999397523,5.16138970365478,-0.556419391073982,2.69747626364312,-0.969993454169575,-0.575489778062682
"147","R",13,NA,NA,NA,NA,NA,NA,NA,NA,NA,NA,NA,NA,NA,NA,NA,NA,NA,NA,NA,NA,NA,NA,NA,NA,NA,NA,NA,NA,NA,NA,NA,NA,NA,NA,NA,NA,NA,NA,NA,NA,1.345994711,45.72793579,33.9733398774106,NA,NA,48.111562348,1.2088635922,40.2915967181854,NA,NA,NA,NA,NA,NA
"148","V",24,NA,NA,NA,NA,NA,NA,NA,NA,NA,NA,NA,NA,NA,NA,NA,NA,NA,NA,NA,NA,NA,NA,NA,NA,NA,NA,NA,NA,NA,NA,NA,NA,NA,NA,NA,NA,NA,NA,NA,NA,1.016519189,49.30664825,48.5053787312224,NA,NA,48.9050852416667,1.00643783816667,49.0621774512822,NA,NA,NA,NA,NA,NA
"149","X",30,NA,NA,NA,NA,NA,NA,NA,NA,NA,NA,NA,NA,NA,NA,NA,NA,NA,NA,NA,NA,NA,NA,NA,NA,NA,NA,NA,NA,NA,NA,NA,NA,NA,NA,NA,NA,NA,NA,NA,NA,1.074469447,48.89138412,45.5028146742641,NA,NA,48.502789306,0.9589180112,50.7801486486287,NA,NA,NA,NA,NA,NA
"150","N",32,NA,NA,NA,NA,NA,NA,NA,NA,NA,NA,NA,NA,NA,NA,NA,NA,NA,NA,NA,NA,NA,NA,NA,NA,NA,NA,NA,NA,NA,NA,NA,NA,NA,NA,NA,NA,NA,NA,NA,NA,0.862267315,49.10038376,56.9433433296727,NA,NA,47.99968338,1.0214545368,48.0055005411854,NA,NA,NA,NA,NA,NA
"151","O",33,NA,NA,NA,NA,NA,NA,NA,NA,NA,NA,NA,NA,NA,NA,NA,NA,NA,NA,NA,NA,NA,NA,NA,NA,NA,NA,NA,NA,NA,NA,NA,NA,NA,NA,NA,NA,NA,NA,NA,NA,0.830458403,49.09441376,59.1172460687354,NA,NA,48.354571532,0.8884563446,54.959938276439,NA,NA,NA,NA,NA,NA
"152","J",43,NA,NA,NA,NA,NA,NA,NA,NA,NA,NA,NA,NA,NA,NA,NA,NA,NA,NA,NA,NA,NA,NA,NA,NA,NA,NA,NA,NA,NA,NA,NA,NA,NA,NA,NA,NA,NA,NA,NA,NA,1.266930103,49.721241,39.2454492021807,NA,NA,49.128264618,1.1675513266,42.229903922324,NA,NA,NA,NA,NA,NA
"153","L",61,NA,NA,NA,NA,NA,NA,NA,NA,NA,NA,NA,NA,NA,NA,NA,NA,NA,NA,NA,NA,NA,NA,NA,NA,NA,NA,NA,NA,NA,NA,NA,NA,NA,NA,NA,NA,NA,NA,NA,NA,0.815279901,49.35414505,60.5364427474093,NA,NA,49.282575226,0.8306997418,60.1190874362029,NA,NA,NA,NA,NA,NA
"154","S",64,NA,NA,NA,NA,NA,NA,NA,NA,NA,NA,NA,NA,NA,NA,NA,NA,NA,NA,NA,NA,NA,NA,NA,NA,NA,NA,NA,NA,NA,NA,NA,NA,NA,NA,NA,NA,NA,NA,NA,NA,0.914056242,48.48579407,53.044650692293,NA,NA,48.706655122,0.8022036196,61.4420960176138,NA,NA,NA,NA,NA,NA
"155","R",67,NA,NA,NA,NA,NA,NA,NA,NA,NA,NA,NA,NA,NA,NA,NA,NA,NA,NA,NA,NA,NA,NA,NA,NA,NA,NA,NA,NA,NA,NA,NA,NA,NA,NA,NA,NA,NA,NA,NA,NA,1.355987906,49.22560501,36.3023923680924,NA,NA,48.111562348,1.2088635922,40.2915967181854,NA,NA,NA,NA,NA,NA
"156","Y",68,NA,NA,NA,NA,NA,NA,NA,NA,34.5454545454545,178.253,79.676,0.037,4.748,0.229,6.77,3.732,1.246,18.386,0,0.637,205.356,57.827,0.308,0.829,1.209,1.838,4.492,1.739,0,5.552,0.551,0.499,0.804,0.917,0.285,5.522,55.289,4.193,5.528,20.55,1.163689613,50.52134323,43.4147926264939,2.59826589595376,11.3791907514451,49.428104402,1.0590504764,46.8915922931631,-3.49777745640432,5.35076940024073,-0.319132354923387,3.65864082942571,-1.18377593944115,-0.78790486594346
"157","*",70,NA,NA,NA,NA,NA,NA,NA,NA,NA,NA,NA,NA,NA,NA,NA,NA,NA,NA,NA,NA,NA,NA,NA,NA,NA,NA,NA,NA,NA,NA,NA,NA,NA,NA,NA,NA,NA,NA,NA,NA,0.922445059,49.47063065,53.6298939078604,NA,NA,48.780740358,0.9150824786,53.3981372541112,NA,NA,NA,NA,NA,NA
"158","B",85,NA,NA,NA,NA,NA,NA,NA,NA,NA,NA,NA,NA,NA,NA,NA,NA,NA,NA,NA,NA,NA,NA,NA,NA,NA,NA,NA,NA,NA,NA,NA,NA,NA,NA,NA,NA,NA,NA,NA,NA,0.846411169,48.45539474,57.2480568719905,NA,NA,48.228001275,0.949053893666667,51.3820353038341,NA,NA,NA,NA,NA,NA
"159","H",88,NA,NA,NA,NA,NA,NA,NA,NA,NA,NA,NA,NA,NA,NA,NA,NA,NA,NA,NA,NA,NA,NA,NA,NA,NA,NA,NA,NA,NA,NA,NA,NA,NA,NA,NA,NA,NA,NA,NA,NA,1.195281029,48.94684219,40.950070320241,NA,NA,49.003610992,1.089426303,45.3411144993612,NA,NA,NA,NA,NA,NA
"160","B",93,NA,NA,NA,NA,NA,NA,NA,NA,NA,NA,NA,NA,NA,NA,NA,NA,NA,NA,NA,NA,NA,NA,NA,NA,NA,NA,NA,NA,NA,NA,NA,NA,NA,NA,NA,NA,NA,NA,NA,NA,0.962697387,48.78489304,50.675210817831,NA,NA,48.228001275,0.949053893666667,51.3820353038341,NA,NA,NA,NA,NA,NA
"161","U",108,NA,NA,NA,NA,NA,NA,NA,NA,NA,NA,NA,NA,NA,NA,NA,NA,NA,NA,NA,NA,NA,NA,NA,NA,NA,NA,NA,NA,NA,NA,NA,NA,NA,NA,NA,NA,NA,NA,NA,NA,1.167468309,48.85222626,41.8445844597226,NA,NA,49.005563356,1.0754945874,45.9622379121635,NA,NA,NA,NA,NA,NA
"162","P",112,NA,NA,NA,NA,NA,NA,NA,NA,NA,NA,NA,NA,NA,NA,NA,NA,NA,NA,NA,NA,NA,NA,NA,NA,NA,NA,NA,NA,NA,NA,NA,NA,NA,NA,NA,NA,NA,NA,NA,NA,1.09719491,49.05954361,44.713608459959,NA,NA,47.621665192,0.8662799836,55.8951439797141,NA,NA,NA,NA,NA,NA
"163","R",118,NA,NA,NA,NA,NA,NA,NA,NA,NA,NA,NA,NA,NA,NA,NA,NA,NA,NA,NA,NA,NA,NA,NA,NA,NA,NA,NA,NA,NA,NA,NA,NA,NA,NA,NA,NA,NA,NA,NA,NA,1.211142302,49.02200699,40.4758440928439,NA,NA,48.111562348,1.2088635922,40.2915967181854,NA,NA,NA,NA,NA,NA
"164","F",119,NA,NA,NA,NA,NA,NA,NA,NA,NA,NA,NA,NA,NA,NA,NA,NA,NA,NA,NA,NA,NA,NA,NA,NA,NA,NA,NA,NA,NA,NA,NA,NA,NA,NA,NA,NA,NA,NA,NA,NA,1.005671382,48.17422485,47.902551183464,NA,NA,47.827425384,0.8790121316,54.8639562560522,NA,NA,NA,NA,NA,NA
"165","V",139,NA,NA,NA,NA,NA,NA,NA,NA,NA,NA,NA,NA,NA,NA,NA,NA,NA,NA,NA,NA,NA,NA,NA,NA,NA,NA,NA,NA,NA,NA,NA,NA,NA,NA,NA,NA,NA,NA,NA,NA,0.997420371,47.97430038,48.0983763464763,NA,NA,48.9050852416667,1.00643783816667,49.0621774512822,NA,NA,NA,NA,NA,NA
"166","W",143,NA,NA,NA,NA,NA,NA,NA,NA,NA,NA,NA,NA,NA,NA,NA,NA,NA,NA,NA,NA,NA,NA,NA,NA,NA,NA,NA,NA,NA,NA,NA,NA,NA,NA,NA,NA,NA,NA,NA,NA,1.04931581,49.35661697,47.0369516018252,NA,NA,49.489682768,0.9449272872,52.768762561283,NA,NA,NA,NA,NA,NA
"167","D",147,NA,NA,NA,NA,NA,NA,NA,NA,NA,NA,NA,NA,NA,NA,NA,NA,NA,NA,NA,NA,NA,NA,NA,NA,NA,NA,NA,NA,NA,NA,NA,NA,NA,NA,NA,NA,NA,NA,NA,NA,0.902157426,50.17103958,55.6122890906625,NA,NA,49.675281524,0.8330973388,60.3955692129545,NA,NA,NA,NA,NA,NA
"168","T",150,NA,NA,NA,NA,NA,NA,NA,NA,NA,NA,NA,NA,NA,NA,NA,NA,NA,NA,NA,NA,NA,NA,NA,NA,NA,NA,NA,NA,NA,NA,NA,NA,NA,NA,NA,NA,NA,NA,NA,NA,1.447329283,48.62173843,33.5941095099089,NA,NA,48.246979524,1.2887554406,37.8304084125129,NA,NA,NA,NA,NA,NA
"169","Y",157,NA,NA,NA,NA,NA,NA,NA,NA,NA,NA,NA,NA,NA,NA,NA,NA,NA,NA,NA,NA,NA,NA,NA,NA,NA,NA,NA,NA,NA,NA,NA,NA,NA,NA,NA,NA,NA,NA,NA,NA,1.074694633,49.08062363,45.6693670210224,NA,NA,49.428104402,1.0590504764,46.8915922931631,NA,NA,NA,NA,NA,NA
"170","T",165,NA,NA,NA,NA,NA,NA,NA,NA,NA,NA,NA,NA,NA,NA,NA,NA,NA,NA,NA,NA,NA,NA,NA,NA,NA,NA,NA,NA,NA,NA,NA,NA,NA,NA,NA,NA,NA,NA,NA,NA,1.396407008,48.59039688,34.7967294647092,NA,NA,48.246979524,1.2887554406,37.8304084125129,NA,NA,NA,NA,NA,NA
"171","L",188,NA,NA,NA,NA,NA,NA,NA,NA,NA,NA,NA,NA,NA,NA,NA,NA,NA,NA,NA,NA,NA,NA,NA,NA,NA,NA,NA,NA,NA,NA,NA,NA,NA,NA,NA,NA,NA,NA,NA,NA,0.965646863,48.52301407,50.2492328502495,NA,NA,49.282575226,0.8306997418,60.1190874362029,NA,NA,NA,NA,NA,NA
"172","B",193,NA,NA,NA,NA,NA,NA,NA,NA,NA,NA,NA,NA,NA,NA,NA,NA,NA,NA,NA,NA,NA,NA,NA,NA,NA,NA,NA,NA,NA,NA,NA,NA,NA,NA,NA,NA,NA,NA,NA,NA,1.119589329,48.01380539,42.885193835212,NA,NA,48.228001275,0.949053893666667,51.3820353038341,NA,NA,NA,NA,NA,NA
"173","H",210,NA,NA,NA,NA,NA,NA,NA,NA,NA,NA,NA,NA,NA,NA,NA,NA,NA,NA,NA,NA,NA,NA,NA,NA,NA,NA,NA,NA,NA,NA,NA,NA,NA,NA,NA,NA,NA,NA,NA,NA,1.01669991,49.29457474,48.4848815812328,NA,NA,49.003610992,1.089426303,45.3411144993612,NA,NA,NA,NA,NA,NA
"174","T",217,NA,NA,NA,NA,NA,NA,NA,NA,NA,NA,NA,NA,NA,NA,NA,NA,NA,NA,NA,NA,NA,NA,NA,NA,NA,NA,NA,NA,NA,NA,NA,NA,NA,NA,NA,NA,NA,NA,NA,NA,1.330350518,47.63778687,35.8084476425182,NA,NA,48.246979524,1.2887554406,37.8304084125129,NA,NA,NA,NA,NA,NA
"175","K",229,NA,NA,NA,NA,NA,NA,NA,NA,NA,NA,NA,NA,NA,NA,NA,NA,NA,NA,NA,NA,NA,NA,NA,NA,NA,NA,NA,NA,NA,NA,NA,NA,NA,NA,NA,NA,NA,NA,NA,NA,0.92962265,47.74980164,51.3647141020069,NA,NA,48.791540528,0.8343053222,59.1622887824581,NA,NA,NA,NA,NA,NA
"176","J",241,NA,NA,NA,NA,1.19941492413877,2.18236447665684,0.4604,1.795,11.8181818181818,401.972,52.498,0.389,2.624,0.241,7.234,2.659,0.219,31.278,0,0.639,96.915,0.691,0,1.214,0.853,2.383,0,0,0.342,5.527,0,0,1.391,0,0.496,0,54.218,0,0,2.682,NA,NA,NA,1.87573964497041,10.4437869822485,49.128264618,1.1675513266,42.229903922324,-0.0168242469259323,-0.485766031313553,-0.0551545074916417,-0.837963108340479,-0.507632606337071,-1.60184226987832
"177","Z",263,NA,NA,NA,NA,NA,NA,NA,NA,0.909090909090909,311.042,59.639,0.322,3.765,0.229,0.271,0.172,0.858,9.083,0,0.347,153.993,0.548,0.249,1.307,0.465,2.409,0,1.38,0.68,6.559,0,0,1.827,0,0.65,0.431,58.956,0,2.394,17.798,0.73585701,48.8281517,66.35548895566,1.71492204899777,10.2044543429844,48.995640564,0.7646745206,64.1227205054078,-2.0133850477868,-0.812166287237983,-0.5964388828166,-2.03374066229837,-0.465094822375945,-0.874496680466065
"178","X",278,NA,NA,NA,NA,NA,NA,NA,NA,NA,NA,NA,NA,NA,NA,NA,NA,NA,NA,NA,NA,NA,NA,NA,NA,NA,NA,NA,NA,NA,NA,NA,NA,NA,NA,NA,NA,NA,NA,NA,NA,0.93246603,48.56212616,52.0792442808882,NA,NA,48.502789306,0.9589180112,50.7801486486287,NA,NA,NA,NA,NA,NA
"179","U",283,NA,NA,NA,NA,NA,NA,NA,NA,NA,NA,NA,NA,NA,NA,NA,NA,NA,NA,NA,NA,NA,NA,NA,NA,NA,NA,NA,NA,NA,NA,NA,NA,NA,NA,NA,NA,NA,NA,NA,NA,1.073630452,48.87949371,45.5272981675822,NA,NA,49.005563356,1.0754945874,45.9622379121635,NA,NA,NA,NA,NA,NA
"180","O",284,NA,NA,NA,NA,NA,NA,NA,NA,NA,NA,NA,NA,NA,NA,NA,NA,NA,NA,NA,NA,NA,NA,NA,NA,NA,NA,NA,NA,NA,NA,NA,NA,NA,NA,NA,NA,NA,NA,NA,NA,0.971262991,47.85526276,49.2711687806912,NA,NA,48.354571532,0.8884563446,54.959938276439,NA,NA,NA,NA,NA,NA
"181","Z",291,NA,NA,NA,NA,NA,NA,NA,NA,NA,NA,NA,NA,NA,NA,NA,NA,NA,NA,NA,NA,NA,NA,NA,NA,NA,NA,NA,NA,NA,NA,NA,NA,NA,NA,NA,NA,NA,NA,NA,NA,0.760690391,48.57468033,63.8560456457771,NA,NA,48.995640564,0.7646745206,64.1227205054078,NA,NA,NA,NA,NA,NA
"182","J",298,NA,NA,NA,NA,NA,NA,NA,NA,NA,NA,NA,NA,NA,NA,NA,NA,NA,NA,NA,NA,NA,NA,NA,NA,NA,NA,NA,NA,NA,NA,NA,NA,NA,NA,NA,NA,NA,NA,NA,NA,1.110972643,48.30593491,43.4807600478421,NA,NA,49.128264618,1.1675513266,42.229903922324,NA,NA,NA,NA,NA,NA
"183","U",305,NA,NA,NA,NA,NA,NA,NA,NA,NA,NA,NA,NA,NA,NA,NA,NA,NA,NA,NA,NA,NA,NA,NA,NA,NA,NA,NA,NA,NA,NA,NA,NA,NA,NA,NA,NA,NA,NA,NA,NA,1.043881536,49.27684784,47.2054022804365,NA,NA,49.005563356,1.0754945874,45.9622379121635,NA,NA,NA,NA,NA,NA
"184","N",311,NA,NA,NA,NA,NA,NA,NA,NA,NA,NA,NA,NA,NA,NA,NA,NA,NA,NA,NA,NA,NA,NA,NA,NA,NA,NA,NA,NA,NA,NA,NA,NA,NA,NA,NA,NA,NA,NA,NA,NA,1.074302673,45.93918228,42.7618616564682,NA,NA,47.99968338,1.0214545368,48.0055005411854,NA,NA,NA,NA,NA,NA
"185","X",314,NA,NA,NA,NA,NA,NA,NA,NA,NA,NA,NA,NA,NA,NA,NA,NA,NA,NA,NA,NA,NA,NA,NA,NA,NA,NA,NA,NA,NA,NA,NA,NA,NA,NA,NA,NA,NA,NA,NA,NA,0.909451008,47.81302261,52.5735000449854,NA,NA,48.502789306,0.9589180112,50.7801486486287,NA,NA,NA,NA,NA,NA
"186","S",317,NA,NA,NA,NA,NA,NA,NA,NA,NA,NA,NA,NA,NA,NA,NA,NA,NA,NA,NA,NA,NA,NA,NA,NA,NA,NA,NA,NA,NA,NA,NA,NA,NA,NA,NA,NA,NA,NA,NA,NA,0.69825983,48.64335251,69.6636845198441,NA,NA,48.706655122,0.8022036196,61.4420960176138,NA,NA,NA,NA,NA,NA
"187","H",321,NA,NA,NA,NA,NA,NA,NA,NA,0,265.15,78.661,0.269,3.311,0,9.464,7.239,0.089,5.795,0,0.38,146.579,0,0.414,3.155,0.695,2.205,0,0.611,0.874,4.598,0.458,0,2.23,0,0.736,0,67.4,0,1.66,10.128,1.071518779,48.14204788,44.928795298323,2.04484304932735,11.032735426009,49.003610992,1.089426303,45.3411144993612,-2.0998674408399,-0.630573575069168,3.52986269322711,-2.36305875130122,1.58851048462969,-0.964389698731879
"188","A",327,NA,NA,NA,NA,NA,NA,NA,NA,NA,NA,NA,NA,NA,NA,NA,NA,NA,NA,NA,NA,NA,NA,NA,NA,NA,NA,NA,NA,NA,NA,NA,NA,NA,NA,NA,NA,NA,NA,NA,NA,1.067739487,48.25499344,45.1936020232621,NA,NA,49.11685562,1.0307981968,47.8206873923494,NA,NA,NA,NA,NA,NA
"189","M",330,NA,NA,NA,NA,NA,NA,NA,NA,NA,NA,NA,NA,NA,NA,NA,NA,NA,NA,NA,NA,NA,NA,NA,NA,NA,NA,NA,NA,NA,NA,NA,NA,NA,NA,NA,NA,NA,NA,NA,NA,1.039008856,48.06566238,46.2610709258478,NA,NA,48.255345916,1.1406139614,42.5136593252806,NA,NA,NA,NA,NA,NA
"190","P",333,NA,NA,NA,NA,NA,NA,NA,NA,2.72727272727273,345.922,47.951,0.186,0.689,0,10.787,2.716,0.093,12.169,0,0.301,15.868,0.222,0,0.579,0.871,4.393,0,0,0.261,6.508,0.373,0,0.471,0,0.24,0,4.95,0,0,0,0.734139919,48.38402176,65.9057224757724,2.53333333333333,14.3422222222222,47.621665192,0.8662799836,55.8951439797141,2.4193461781768,-0.94539637873289,2.38388741626645,0.842441544648356,-2.23167699455471,-1.60184226987832
"191","S",340,NA,NA,NA,NA,NA,NA,NA,NA,NA,NA,NA,NA,NA,NA,NA,NA,NA,NA,NA,NA,NA,NA,NA,NA,NA,NA,NA,NA,NA,NA,NA,NA,NA,NA,NA,NA,NA,NA,NA,NA,0.704486907,48.62702942,69.0247454378879,NA,NA,48.706655122,0.8022036196,61.4420960176138,NA,NA,NA,NA,NA,NA
"192","T",343,NA,NA,NA,NA,NA,NA,NA,NA,NA,NA,NA,NA,NA,NA,NA,NA,NA,NA,NA,NA,NA,NA,NA,NA,NA,NA,NA,NA,NA,NA,NA,NA,NA,NA,NA,NA,NA,NA,NA,NA,1.107347488,47.50427628,42.8991592926249,NA,NA,48.246979524,1.2887554406,37.8304084125129,NA,NA,NA,NA,NA,NA
"193","M",351,NA,NA,NA,NA,NA,NA,NA,NA,NA,NA,NA,NA,NA,NA,NA,NA,NA,NA,NA,NA,NA,NA,NA,NA,NA,NA,NA,NA,NA,NA,NA,NA,NA,NA,NA,NA,NA,NA,NA,NA,1.149425149,48.18804932,41.9236079547447,NA,NA,48.255345916,1.1406139614,42.5136593252806,NA,NA,NA,NA,NA,NA
"194","Q",359,NA,NA,NA,NA,NA,NA,NA,NA,NA,NA,NA,NA,NA,NA,NA,NA,NA,NA,NA,NA,NA,NA,NA,NA,NA,NA,NA,NA,NA,NA,NA,NA,NA,NA,NA,NA,NA,NA,NA,NA,1.115190983,48.70135498,43.6708651006013,NA,NA,49.360918045,1.127515167,43.873397689227,NA,NA,NA,NA,NA,NA
"195","V",360,NA,NA,NA,NA,NA,NA,NA,NA,NA,NA,NA,NA,NA,NA,NA,NA,NA,NA,NA,NA,NA,NA,NA,NA,NA,NA,NA,NA,NA,NA,NA,NA,NA,NA,NA,NA,NA,NA,NA,NA,0.945853233,48.81957626,51.6143250947687,NA,NA,48.9050852416667,1.00643783816667,49.0621774512822,NA,NA,NA,NA,NA,NA
"196","G",371,NA,NA,NA,NA,NA,NA,NA,NA,NA,NA,NA,NA,NA,NA,NA,NA,NA,NA,NA,NA,NA,NA,NA,NA,NA,NA,NA,NA,NA,NA,NA,NA,NA,NA,NA,NA,NA,NA,NA,NA,0.931864202,48.69493866,52.2554021878823,NA,NA,49.346783448,0.956262064,51.8372748822095,NA,NA,NA,NA,NA,NA
"197","D",385,NA,NA,NA,NA,NA,NA,NA,NA,NA,NA,NA,NA,NA,NA,NA,NA,NA,NA,NA,NA,NA,NA,NA,NA,NA,NA,NA,NA,NA,NA,NA,NA,NA,NA,NA,NA,NA,NA,NA,NA,0.821068525,49.72036362,60.5556809280931,NA,NA,49.675281524,0.8330973388,60.3955692129545,NA,NA,NA,NA,NA,NA
"198","Z",390,NA,NA,NA,NA,NA,NA,NA,NA,3.63636363636364,381.003,60.868,0.313,4.373,0.254,0.156,0.124,1.182,10.445,0,0.38,130.391,0.433,0.524,1.367,0.382,2.374,0,1.814,0.434,7.088,0,0,1.689,0,0.712,0,47.093,0,0,7.007,0.750710547,48.87292099,65.102217073287,1.67942583732057,9.93421052631579,48.995640564,0.7646745206,64.1227205054078,-0.753817831272605,-1.09221013555667,-0.825250903011435,-2.02198083116907,-0.604378862494872,-0.693127707177155
"199","E",395,NA,NA,NA,NA,NA,NA,NA,NA,NA,NA,NA,NA,NA,NA,NA,NA,NA,NA,NA,NA,NA,NA,NA,NA,NA,NA,NA,NA,NA,NA,NA,NA,NA,NA,NA,NA,NA,NA,NA,NA,0.955925107,47.01559448,49.1833451550928,NA,NA,48.2286357875,1.02753892525,47.0171702640956,NA,NA,NA,NA,NA,NA
"200","L",409,NA,NA,NA,NA,NA,NA,NA,NA,NA,NA,NA,NA,NA,NA,NA,NA,NA,NA,NA,NA,NA,NA,NA,NA,NA,NA,NA,NA,NA,NA,NA,NA,NA,NA,NA,NA,NA,NA,NA,NA,0.794168293,49.25972366,62.0268072827732,NA,NA,49.282575226,0.8306997418,60.1190874362029,NA,NA,NA,NA,NA,NA
"201","M",418,NA,NA,NA,NA,NA,NA,NA,NA,NA,NA,NA,NA,NA,NA,NA,NA,NA,NA,NA,NA,NA,NA,NA,NA,NA,NA,NA,NA,NA,NA,NA,NA,NA,NA,NA,NA,NA,NA,NA,NA,1.197049737,49.10799026,41.0241853300704,NA,NA,48.255345916,1.1406139614,42.5136593252806,NA,NA,NA,NA,NA,NA
"202","M",419,NA,NA,NA,NA,NA,NA,NA,NA,NA,NA,NA,NA,NA,NA,NA,NA,NA,NA,NA,NA,NA,NA,NA,NA,NA,NA,NA,NA,NA,NA,NA,NA,NA,NA,NA,NA,NA,NA,NA,NA,1.054552794,47.39967728,44.9476570065396,NA,NA,48.255345916,1.1406139614,42.5136593252806,NA,NA,NA,NA,NA,NA
"203","B",421,NA,NA,NA,NA,NA,NA,NA,NA,NA,NA,NA,NA,NA,NA,NA,NA,NA,NA,NA,NA,NA,NA,NA,NA,NA,NA,NA,NA,NA,NA,NA,NA,NA,NA,NA,NA,NA,NA,NA,NA,0.864773214,49.09003448,56.7663679740201,NA,NA,48.228001275,0.949053893666667,51.3820353038341,NA,NA,NA,NA,NA,NA
"204","E",424,NA,NA,NA,NA,NA,NA,NA,NA,NA,NA,NA,NA,NA,NA,NA,NA,NA,NA,NA,NA,NA,NA,NA,NA,NA,NA,NA,NA,NA,NA,NA,NA,NA,NA,NA,NA,NA,NA,NA,NA,1.093450665,48.66767502,44.5083409593061,NA,NA,48.2286357875,1.02753892525,47.0171702640956,NA,NA,NA,NA,NA,NA
"205","Q",439,NA,NA,NA,NA,NA,NA,NA,NA,1.81818181818182,316.836,55.625,0.287,2.48,0.226,1.961,0.928,0.42,31.259,0.493,1.236,123.224,0.346,7.515,1.977,0.324,3.553,0,19.6,0.275,6.596,0.283,0,0.77,0,0.345,0.281,80.309,0,0,7.889,1.142586827,49.00685501,42.8911430203282,1.84084880636605,10.1331564986737,49.360918045,1.127515167,43.873397689227,-0.694630350121067,-0.547413130431941,-1.97582478767203,-0.786208675976088,-1.36679357457169,2.04385146374187
"206","N",444,NA,NA,NA,NA,NA,NA,NA,NA,NA,NA,NA,NA,NA,NA,NA,NA,NA,NA,NA,NA,NA,NA,NA,NA,NA,NA,NA,NA,NA,NA,NA,NA,NA,NA,NA,NA,NA,NA,NA,NA,0.975401282,47.79021072,48.995435624207,NA,NA,47.99968338,1.0214545368,48.0055005411854,NA,NA,NA,NA,NA,NA
"207","F",445,NA,NA,NA,NA,NA,NA,NA,NA,NA,NA,NA,NA,NA,NA,NA,NA,NA,NA,NA,NA,NA,NA,NA,NA,NA,NA,NA,NA,NA,NA,NA,NA,NA,NA,NA,NA,NA,NA,NA,NA,0.850215852,48.59464264,57.1556535033882,NA,NA,47.827425384,0.8790121316,54.8639562560522,NA,NA,NA,NA,NA,NA
"208","R",449,NA,NA,NA,NA,NA,NA,NA,NA,NA,NA,NA,NA,NA,NA,NA,NA,NA,NA,NA,NA,NA,NA,NA,NA,NA,NA,NA,NA,NA,NA,NA,NA,NA,NA,NA,NA,NA,NA,NA,NA,1.039777398,48.6506691,46.7895043627405,NA,NA,48.111562348,1.2088635922,40.2915967181854,NA,NA,NA,NA,NA,NA
"209","U",451,NA,NA,NA,NA,NA,NA,NA,NA,0,239.779,68.737,0.255,3.024,0.141,6.255,4.301,0.172,33.779,0,1.532,128.153,0.673,0,1.193,1.678,1.737,0,0,1.302,4.386,0.679,0,0.761,0.148,0.292,0,108.933,0,2.036,16.242,NA,NA,NA,2.65734265734266,12.2356643356643,49.005563356,1.0754945874,45.9622379121635,-2.31918215890591,-0.228850511264657,-0.629925294847878,1.03771218386898,0.455496575185926,-1.60184226987832
"210","M",453,NA,NA,NA,NA,NA,NA,NA,NA,0,77.996,45.2,0.497,5.875,0.19,3.189,2.326,0.913,13.839,0,0.593,104.338,21.919,0,2.255,0.629,4.142,1.439,0.485,0.305,5.973,0.114,0,2.459,0,0.576,2.127,88.701,3.032,6.637,14.937,NA,NA,NA,2.08860759493671,13.2107594936709,48.255345916,1.1406139614,42.5136593252806,-4.30904059489219,2.84996562232193,-0.157094376180591,-2.39833696968343,-0.430701072326605,-1.31645189428087
"211","B",454,NA,NA,NA,NA,NA,NA,NA,NA,0,369.521,63.285,0.315,2.231,0.18,0.137,0.087,0.228,36.297,0.344,0.816,116.281,0.357,5.261,1.599,1.069,2.706,0,6.561,0,5.312,0.548,0,2.163,0,0.943,0.584,63.539,0,0,0.744,NA,NA,NA,2.33229813664596,11.2121118012422,48.228001275,0.949053893666667,51.3820353038341,-0.144166325290644,-1.11720834853424,-2.67789645664536,-0.911673756390815,1.11295818779521,0.979540159663358
"212","K",455,NA,NA,NA,NA,NA,NA,NA,NA,1.81818181818182,322.934,51.297,0.269,1.843,0.484,7.554,2.771,3.308,25.74,0.926,0.608,69.464,29.334,23.554,0.754,0.679,3.382,0.641,31.952,0.18,5.167,0.113,0,2.414,0,0.669,1.383,64.912,0,0,4.702,NA,NA,NA,1.95753715498938,8.7208067940552,48.791540528,0.8343053222,59.1622887824581,0.135967875391482,3.3964790122943,-0.93378531392393,-1.1828856299139,0.041161082707125,3.76488149459735
"213","V",456,NA,NA,NA,NA,NA,NA,NA,NA,3.63636363636364,452.704,57.714,0.257,1.474,0,10.361,1.715,0.12,22.046,0,0.266,64.302,0.492,0,1.41,3.637,1.21,0,0.332,0.249,3.883,0.679,0,1.708,0,0.662,0,6.783,0,0,0.887,NA,NA,NA,2.29380053908356,11.411320754717,48.9050852416667,1.00643783816667,49.0621774512822,1.43696887370431,-1.04470860988376,1.55487524457911,0.74259026756971,2.29343805171406,-1.36571970310126
"214","A",463,NA,NA,NA,NA,NA,NA,NA,NA,NA,NA,NA,NA,NA,NA,NA,NA,NA,NA,NA,NA,NA,NA,NA,NA,NA,NA,NA,NA,NA,NA,NA,NA,NA,NA,NA,NA,NA,NA,NA,NA,0.982708395,49.17455673,50.0398256290463,NA,NA,49.11685562,1.0307981968,47.8206873923494,NA,NA,NA,NA,NA,NA
"215","X",487,NA,NA,NA,NA,NA,NA,NA,NA,NA,NA,NA,NA,NA,NA,NA,NA,NA,NA,NA,NA,NA,NA,NA,NA,NA,NA,NA,NA,NA,NA,NA,NA,NA,NA,NA,NA,NA,NA,NA,NA,0.984788418,49.14490891,49.9040281259685,NA,NA,48.502789306,0.9589180112,50.7801486486287,NA,NA,NA,NA,NA,NA
"216","L",491,NA,NA,NA,NA,NA,NA,NA,NA,NA,NA,NA,NA,NA,NA,NA,NA,NA,NA,NA,NA,NA,NA,NA,NA,NA,NA,NA,NA,NA,NA,NA,NA,NA,NA,NA,NA,NA,NA,NA,NA,0.886630535,49.50190735,55.8314939491679,NA,NA,49.282575226,0.8306997418,60.1190874362029,NA,NA,NA,NA,NA,NA
"217","Y",496,NA,NA,NA,NA,NA,NA,NA,NA,NA,NA,NA,NA,NA,NA,NA,NA,NA,NA,NA,NA,NA,NA,NA,NA,NA,NA,NA,NA,NA,NA,NA,NA,NA,NA,NA,NA,NA,NA,NA,NA,0.974264622,48.69087982,49.9770583068549,NA,NA,49.428104402,1.0590504764,46.8915922931631,NA,NA,NA,NA,NA,NA
"218","G",507,NA,NA,NA,NA,NA,NA,NA,NA,0,347.047,61.514,0.276,1.783,0.078,4.292,1.277,2.522,36.221,0.361,0.592,97.006,5.192,1.968,3.375,0.748,2.557,0,6.762,0.706,4.84,1.158,0,1.985,0,0.979,0.339,57.684,0,0,3.858,0.889086485,49.90017319,56.1252184482368,2.16755319148936,11.751329787234,49.346783448,0.956262064,51.8372748822095,-0.0788333797079546,0.723167951138761,-0.641494528435182,-2.35130789901671,1.89490028949015,0.566223641920843
"219","N",509,NA,NA,NA,NA,NA,NA,NA,NA,0,145.94,62.156,0.336,3.379,0.3,4.491,0.899,0.146,20.478,1.787,0.29,140.037,0,0.873,1.578,1,1.164,0,6.872,0.344,2.644,0.541,0,1.544,0.751,0.466,0,96.722,0,1.925,2.697,1.292973876,48.85940552,37.7883934292266,2.2289156626506,10.9490963855422,47.99968338,1.0214545368,48.0055005411854,-2.32252681607921,-1.20041896280114,0.0281941629274042,1.17054034617662,2.06852857347043,0.847378755588834
"220","V",517,NA,NA,NA,NA,NA,NA,NA,NA,NA,NA,NA,NA,NA,NA,NA,NA,NA,NA,NA,NA,NA,NA,NA,NA,NA,NA,NA,NA,NA,NA,NA,NA,NA,NA,NA,NA,NA,NA,NA,NA,1.072594047,49.39302444,46.0500639343936,NA,NA,48.9050852416667,1.00643783816667,49.0621774512822,NA,NA,NA,NA,NA,NA
"221","*",519,NA,NA,NA,NA,NA,NA,NA,NA,NA,NA,NA,NA,NA,NA,NA,NA,NA,NA,NA,NA,NA,NA,NA,NA,NA,NA,NA,NA,NA,NA,NA,NA,NA,NA,NA,NA,NA,NA,NA,NA,0.925930977,48.77476883,52.6764629778662,NA,NA,48.780740358,0.9150824786,53.3981372541112,NA,NA,NA,NA,NA,NA
"222","E",522,NA,NA,NA,NA,NA,NA,NA,NA,NA,NA,NA,NA,NA,NA,NA,NA,NA,NA,NA,NA,NA,NA,NA,NA,NA,NA,NA,NA,NA,NA,NA,NA,NA,NA,NA,NA,NA,NA,NA,NA,1.042426586,48.591465,46.6138005808689,NA,NA,48.2286357875,1.02753892525,47.0171702640956,NA,NA,NA,NA,NA,NA
"223","F",531,NA,NA,NA,NA,NA,NA,NA,NA,NA,NA,NA,NA,NA,NA,NA,NA,NA,NA,NA,NA,NA,NA,NA,NA,NA,NA,NA,NA,NA,NA,NA,NA,NA,NA,NA,NA,NA,NA,NA,NA,0.767288864,49.32627869,64.286451953511,NA,NA,47.827425384,0.8790121316,54.8639562560522,NA,NA,NA,NA,NA,NA
"224","H",542,NA,NA,NA,NA,NA,NA,NA,NA,NA,NA,NA,NA,NA,NA,NA,NA,NA,NA,NA,NA,NA,NA,NA,NA,NA,NA,NA,NA,NA,NA,NA,NA,NA,NA,NA,NA,NA,NA,NA,NA,1.201298714,49.11955643,40.8887114067118,NA,NA,49.003610992,1.089426303,45.3411144993612,NA,NA,NA,NA,NA,NA
"225","K",545,NA,NA,NA,NA,NA,NA,NA,NA,NA,NA,NA,NA,NA,NA,NA,NA,NA,NA,NA,NA,NA,NA,NA,NA,NA,NA,NA,NA,NA,NA,NA,NA,NA,NA,NA,NA,NA,NA,NA,NA,0.783832431,49.30648422,62.9043686762177,NA,NA,48.791540528,0.8343053222,59.1622887824581,NA,NA,NA,NA,NA,NA
"226","W",552,NA,NA,NA,NA,NA,NA,NA,NA,NA,NA,NA,NA,NA,NA,NA,NA,NA,NA,NA,NA,NA,NA,NA,NA,NA,NA,NA,NA,NA,NA,NA,NA,NA,NA,NA,NA,NA,NA,NA,NA,0.819476724,49.91893005,60.9156167442286,NA,NA,49.489682768,0.9449272872,52.768762561283,NA,NA,NA,NA,NA,NA
"227","L",554,NA,NA,NA,NA,NA,NA,NA,NA,NA,NA,NA,NA,NA,NA,NA,NA,NA,NA,NA,NA,NA,NA,NA,NA,NA,NA,NA,NA,NA,NA,NA,NA,NA,NA,NA,NA,NA,NA,NA,NA,0.691773117,49.774086,71.9514603514146,NA,NA,49.282575226,0.8306997418,60.1190874362029,NA,NA,NA,NA,NA,NA
"228","V",555,NA,NA,NA,NA,NA,NA,NA,NA,NA,NA,NA,NA,NA,NA,NA,NA,NA,NA,NA,NA,NA,NA,NA,NA,NA,NA,NA,NA,NA,NA,NA,NA,NA,NA,NA,NA,NA,NA,NA,NA,1.159956694,48.88660812,42.1452010862743,NA,NA,48.9050852416667,1.00643783816667,49.0621774512822,NA,NA,NA,NA,NA,NA
"229","J",585,NA,NA,NA,NA,NA,NA,NA,NA,0,229.779,64.84,0.396,2.823,0.348,5.106,1.779,0.116,22.665,0,0.434,145.563,0.473,0,1.609,1.109,2.758,0,0,0.549,5.732,0.357,0,1.781,0,0.621,0,74.487,0,0,9.466,1.063822031,49.16957474,46.2197372372334,1.99236641221374,10.212213740458,49.128264618,1.1675513266,42.229903922324,-1.63728510664194,-0.776786959526435,-0.0712480393045853,-1.25723619281555,0.308705866788787,-1.60184226987832
"230","*",589,NA,NA,NA,NA,NA,NA,NA,NA,NA,NA,NA,NA,NA,NA,NA,NA,NA,NA,NA,NA,NA,NA,NA,NA,NA,NA,NA,NA,NA,NA,NA,NA,NA,NA,NA,NA,NA,NA,NA,NA,0.856336355,48.74442673,56.9220569060156,NA,NA,48.780740358,0.9150824786,53.3981372541112,NA,NA,NA,NA,NA,NA
"231","Y",597,NA,NA,NA,NA,NA,NA,NA,NA,NA,NA,NA,NA,NA,NA,NA,NA,NA,NA,NA,NA,NA,NA,NA,NA,NA,NA,NA,NA,NA,NA,NA,NA,NA,NA,NA,NA,NA,NA,NA,NA,0.962133944,48.86439133,50.7875141862784,NA,NA,49.428104402,1.0590504764,46.8915922931631,NA,NA,NA,NA,NA,NA
"232","W",600,NA,NA,NA,NA,NA,NA,NA,NA,NA,NA,NA,NA,NA,NA,NA,NA,NA,NA,NA,NA,NA,NA,NA,NA,NA,NA,NA,NA,NA,NA,NA,NA,NA,NA,NA,NA,NA,NA,NA,NA,0.910602868,49.74485779,54.6284879370707,NA,NA,49.489682768,0.9449272872,52.768762561283,NA,NA,NA,NA,NA,NA
"233","O",601,NA,NA,NA,NA,NA,NA,NA,NA,NA,NA,NA,NA,NA,NA,NA,NA,NA,NA,NA,NA,NA,NA,NA,NA,NA,NA,NA,NA,NA,NA,NA,NA,NA,NA,NA,NA,NA,NA,NA,NA,1.005651236,47.40608978,47.1396922541047,NA,NA,48.354571532,0.8884563446,54.959938276439,NA,NA,NA,NA,NA,NA
"234","F",602,NA,NA,NA,NA,NA,NA,NA,NA,NA,NA,NA,NA,NA,NA,NA,NA,NA,NA,NA,NA,NA,NA,NA,NA,NA,NA,NA,NA,NA,NA,NA,NA,NA,NA,NA,NA,NA,NA,NA,NA,0.900118172,48.51745987,53.9012113956077,NA,NA,47.827425384,0.8790121316,54.8639562560522,NA,NA,NA,NA,NA,NA
"235","I",619,NA,NA,NA,NA,NA,NA,NA,NA,1.81818181818182,429.973,52.46,0.663,4.912,0.198,6.956,1.686,0.512,18.77,3.365,0.336,23.994,1.697,2.892,1.141,0.922,3.067,0,9.138,0.591,6.779,0,0,1.573,0,0.74,0.485,7.378,0,0,0.705,1.097182751,48.48014832,44.1860285133119,1.73417721518987,10.1151898734177,48.565077972,1.144735384,42.7304085123588,0.442212857225335,0.0148390606712825,0.589254783052755,-1.82758955223325,-0.914029041226569,1.72995174710515
"236","V",624,NA,NA,NA,NA,NA,NA,NA,NA,NA,NA,NA,NA,NA,NA,NA,NA,NA,NA,NA,NA,NA,NA,NA,NA,NA,NA,NA,NA,NA,NA,NA,NA,NA,NA,NA,NA,NA,NA,NA,NA,0.846283495,49.050354,57.9597195145582,NA,NA,48.9050852416667,1.00643783816667,49.0621774512822,NA,NA,NA,NA,NA,NA
"237","I",626,NA,NA,NA,NA,NA,NA,NA,NA,22.7272727272727,399.146,53.484,0.747,5.449,0.274,6.351,1.461,0.467,16.718,3.074,0.357,19.605,1.388,3.77,1.203,0.931,2.973,0,14.359,0.72,7.065,0,0,1.618,0.26,0.74,0.46,8.335,0,0,0.891,1.133930326,48.80805969,43.0432616280517,1.82089552238806,9.32686567164179,48.565077972,1.144735384,42.7304085123588,0.135411902586857,-0.046749795107714,0.375146067344785,-1.58381149150562,-1.10849714083965,2.10735340716367
"238","X",628,NA,NA,NA,NA,NA,NA,NA,NA,NA,NA,NA,NA,NA,NA,NA,NA,NA,NA,NA,NA,NA,NA,NA,NA,NA,NA,NA,NA,NA,NA,NA,NA,NA,NA,NA,NA,NA,NA,NA,NA,0.893415153,48.10250473,53.8411561170376,NA,NA,48.502789306,0.9589180112,50.7801486486287,NA,NA,NA,NA,NA,NA
"239","U",629,NA,NA,NA,NA,NA,NA,NA,NA,NA,NA,NA,NA,NA,NA,NA,NA,NA,NA,NA,NA,NA,NA,NA,NA,NA,NA,NA,NA,NA,NA,NA,NA,NA,NA,NA,NA,NA,NA,NA,NA,0.911648691,48.89236069,53.630703551353,NA,NA,49.005563356,1.0754945874,45.9622379121635,NA,NA,NA,NA,NA,NA
"240","H",633,NA,NA,NA,NA,NA,NA,NA,NA,NA,NA,NA,NA,NA,NA,NA,NA,NA,NA,NA,NA,NA,NA,NA,NA,NA,NA,NA,NA,NA,NA,NA,NA,NA,NA,NA,NA,NA,NA,NA,NA,0.962333083,49.51503372,51.4531138902974,NA,NA,49.003610992,1.089426303,45.3411144993612,NA,NA,NA,NA,NA,NA
"241","T",650,NA,NA,NA,NA,NA,NA,NA,NA,0,254.81,68.38,0.727,5.298,0,0.859,0.202,0.204,12.643,6.584,0.196,55.707,1.245,2.899,2.076,3.08,3.901,0,8.883,0.43,7.943,0,0,1.206,0,0.421,0.296,22.215,0,0,1.79,1.162342906,48.88069916,42.0535961528035,2.03022670025189,9.94332493702771,48.246979524,1.2887554406,37.8304084125129,-1.25763527063662,-1.36383120158455,0.328032210261991,-1.18328361159723,-1.99622690804918,2.21397568094618
"242","*",651,NA,NA,NA,NA,NA,NA,NA,NA,NA,NA,NA,NA,NA,NA,NA,NA,NA,NA,NA,NA,NA,NA,NA,NA,NA,NA,NA,NA,NA,NA,NA,NA,NA,NA,NA,NA,NA,NA,NA,NA,0.907014787,49.3003273,54.3544912460176,NA,NA,48.780740358,0.9150824786,53.3981372541112,NA,NA,NA,NA,NA,NA
"243","K",652,NA,NA,NA,NA,NA,NA,NA,NA,NA,NA,NA,NA,NA,NA,NA,NA,NA,NA,NA,NA,NA,NA,NA,NA,NA,NA,NA,NA,NA,NA,NA,NA,NA,NA,NA,NA,NA,NA,NA,NA,0.801451862,49.39136505,61.627363278869,NA,NA,48.791540528,0.8343053222,59.1622887824581,NA,NA,NA,NA,NA,NA
"244","D",654,NA,NA,NA,NA,NA,NA,NA,NA,NA,NA,NA,NA,NA,NA,NA,NA,NA,NA,NA,NA,NA,NA,NA,NA,NA,NA,NA,NA,NA,NA,NA,NA,NA,NA,NA,NA,NA,NA,NA,NA,0.748366535,49.20299911,65.747193131772,NA,NA,49.675281524,0.8330973388,60.3955692129545,NA,NA,NA,NA,NA,NA
"245","I",656,NA,NA,NA,NA,NA,NA,NA,NA,0.909090909090909,372.636,74.393,0.509,2.322,0.223,4.544,1.051,0.322,19.075,1.668,0.42,10.938,1.261,1.578,1.764,1.599,3.252,0,8.268,0,6.929,0,0,2.496,0.327,1.054,0.193,3.246,0,0,0.317,1.006675243,49.41508484,49.0874144205014,1.8695652173913,10.7191304347826,48.565077972,1.144735384,42.7304085123588,0.806073805328524,-0.545918419595342,0.0327010921749309,-1.59204498171612,-0.452734839798029,1.07910652928893
"246","O",657,NA,NA,NA,NA,NA,NA,NA,NA,NA,NA,NA,NA,NA,NA,NA,NA,NA,NA,NA,NA,NA,NA,NA,NA,NA,NA,NA,NA,NA,NA,NA,NA,NA,NA,NA,NA,NA,NA,NA,NA,0.840686977,48.65127563,57.8708567648003,NA,NA,48.354571532,0.8884563446,54.959938276439,NA,NA,NA,NA,NA,NA
"247","G",659,NA,NA,NA,NA,NA,NA,NA,NA,NA,NA,NA,NA,NA,NA,NA,NA,NA,NA,NA,NA,NA,NA,NA,NA,NA,NA,NA,NA,NA,NA,NA,NA,NA,NA,NA,NA,NA,NA,NA,NA,0.997953713,49.59503174,49.6967255033401,NA,NA,49.346783448,0.956262064,51.8372748822095,NA,NA,NA,NA,NA,NA
"248","J",660,NA,NA,NA,NA,NA,NA,NA,NA,NA,NA,NA,NA,NA,NA,NA,NA,NA,NA,NA,NA,NA,NA,NA,NA,NA,NA,NA,NA,NA,NA,NA,NA,NA,NA,NA,NA,NA,NA,NA,NA,1.176284432,49.33840942,41.9442849686546,NA,NA,49.128264618,1.1675513266,42.229903922324,NA,NA,NA,NA,NA,NA
"249","D",674,NA,NA,NA,NA,NA,NA,NA,NA,NA,NA,NA,NA,NA,NA,NA,NA,NA,NA,NA,NA,NA,NA,NA,NA,NA,NA,NA,NA,NA,NA,NA,NA,NA,NA,NA,NA,NA,NA,NA,NA,0.714384556,49.36507034,69.1015363159671,NA,NA,49.675281524,0.8330973388,60.3955692129545,NA,NA,NA,NA,NA,NA
