"","unique.sim","df.sim.number","sim.number","genotypes.sampled","genotype.combo","plants.sampled","link.density.plant_gall","vulnerability.plant_gall","generality.plant_gall","link.density.gall_ptoid","vulnerability.gall_ptoid","generality.gall_ptoid","total_complexity"
"1","1_1_1",1,1,1,"D",4,1.89896122814082,2.79792245628164,1,1.24176535023879,1.48353070047759,1,1.57036328918981
"2","1_1_2",1,1,2,"T V",8,1.12950364218024,1.25900728436048,1,2.27009870116541,3.54019740233081,1,1.69980117167282
"3","1_1_3",1,1,3,"E N R",12,1.75955905127241,2.51911810254483,1,1.5,2,1,1.62977952563621
"4","1_1_4",1,1,4,"E G V Z",16,1.55770850874376,2.11541701748752,1,2.2000504636219,3.12423885827828,1.27586206896552,1.87887948618283
"5","1_1_5",1,1,5,"J N S T W",20,1.79454828677104,2.58909657354209,1,2.52941192370574,3.56080363104042,1.49802021637106,2.16198010523839
"6","1_1_6",1,1,6,"D H R T W Z",24,1.81102122281272,2.62204244562545,1,1.95526244613965,2.56067371736311,1.34985117491618,1.88314183447619
"7","1_1_7",1,1,7,"A E Q R V W X",28,1.64991132231221,2.29982264462442,1,2.1655149480848,2.6933533453737,1.6376765507959,1.9077131351985
"8","1_1_8",1,1,8,"D E G H J K L Q",32,1.90081934132169,2.80163868264339,1,2.40873750010074,3.29706228400991,1.52041271619158,2.15477842071122
"9","1_1_9",1,1,9,"C A G H J R S W Z",36,1.99983197534713,2.99966395069426,1,2.39407699414617,3.22465168932507,1.56350229896727,2.19695448474665
"10","1_1_10",1,1,10,"A D E F G J M Q R Z",40,1.8317844351959,2.6635688703918,1,2.06764549456906,2.65856279279658,1.47672819634155,1.94971496488248
"11","1_1_11",1,1,11,"A D G L M N P Q T V W",44,1.75107896510355,2.5021579302071,1,2.22391570204158,2.95633987372212,1.49149153036104,1.98749733357257
"12","1_1_12",1,1,12,"C B E F I J L M Q V W Z",48,1.94569984555727,2.89139969111454,1,2.39143813243341,3.17745112433305,1.60542514053377,2.16856898899534
"13","1_1_13",1,1,13,"C A B D F G H I M O T Y Z",52,1.92614355936875,2.85228711873751,1,2.19208106786998,2.82209829810143,1.56206383763854,2.05911231361937
"14","1_1_14",1,1,14,"C F G H I J M Q S T V W X Y",56,1.93498589912408,2.86997179824815,1,2.5283354105567,3.38329937373271,1.67337144738068,2.23166065484039
"15","1_1_15",1,1,15,"C A D H I J K L M O P Q S V Y",60,1.92520025107898,2.85040050215795,1,2.50135777434138,3.3867915134456,1.61592403523716,2.21327901271018
"16","1_1_16",1,1,16,"B D E F G H I K N O P R S W Y Z",64,1.78253464922978,2.56506929845955,1,2.52033072252157,3.40066482117186,1.63999662387128,2.15143268587567
"17","1_1_17",1,1,17,"C A B D J K L N O P Q R S T W X Z",68,1.83780202422429,2.67560404844858,1,2.36912199044058,3.21803926769135,1.5202047131898,2.10346200733243
"18","1_1_18",1,1,18,"C A D E F H I J K M N S T V W X Y Z",72,1.87738916479468,2.75477832958935,1,2.5129026401047,3.43031748324844,1.59548779696096,2.19514590244969
"19","1_1_19",1,1,19,"A B D E F G H I J K L M O S T V W X Z",76,1.75282897882176,2.50565795764353,1,2.45027936093702,3.32953113567575,1.57102758619829,2.10155416987939
"20","1_1_20",1,1,20,"C B D E F H I J L M N O P Q S T W X Y Z",80,1.88616175315483,2.77232350630966,1,2.36745762847945,3.10105905844051,1.6338561985184,2.12680969081714
"21","1_1_21",1,1,21,"C A B E F G H I J K M N O P Q R S V X Y Z",84,1.86506461640909,2.73012923281818,1,2.49559365485506,3.37503739311596,1.61614991659416,2.18032913563208
"22","1_1_22",1,1,22,"C A B D F G H I J K L M N O P Q R S T V Y Z",88,1.86332384098603,2.72664768197206,1,2.45559967470538,3.34581963553631,1.56537971387445,2.15946175784571
"23","1_1_23",1,1,23,"C A B D E F G H I K M N O P Q R S T V W X Y Z",92,1.84896811691246,2.69793623382492,1,2.45632372927558,3.30722119434461,1.60542626420655,2.15264592309402
"24","1_1_24",1,1,24,"C A B D E F G H I J K L M N O P Q R S T W X Y Z",96,1.865813034171,2.73162606834201,1,2.46157653960291,3.3019896372639,1.62116344194191,2.16369478688696
"25","1_1_25",1,1,25,"C A B D E F G H I J K L M N O P Q R S T V W X Y Z",100,1.84928074840462,2.69856149680924,1,2.46184787850953,3.3284937695856,1.59520198743345,2.15556431345708
"26","1_2_1",1,2,1,"N",4,1.50981964965802,2.01963929931604,1,1.33333333333333,1.66666666666667,1,1.42157649149568
"27","1_2_2",1,2,2,"N X",8,1.61835520398406,2.23671040796812,1,1.79028866869179,2.27248435326151,1.30809298412206,1.70432193633792
"28","1_2_3",1,2,3,"E G Q",12,1.73011648814455,2.4602329762891,1,1.5,1.5,1.5,1.61505824407228
"29","1_2_4",1,2,4,"N T V W",16,1.6636774728385,2.327354945677,1,2.36287912853788,3.38612472600736,1.3396335310684,2.01327830068819
"30","1_2_5",1,2,5,"C H K O P",20,2.02049283872094,3.04098567744188,1,2.50934710647889,3.5936707023579,1.42502351059988,2.26491997259992
"31","1_2_6",1,2,6,"C L M N R W",24,1.94126139039874,2.88252278079748,1,2.26590175840806,3.09536339486714,1.43644012194898,2.1035815744034
"32","1_2_7",1,2,7,"A E M P S V W",28,1.59907335097458,2.19814670194917,1,2.49779649696176,3.52899289814553,1.46660009577799,2.04843492396817
"33","1_2_8",1,2,8,"A B D E F L Q W",32,1.74577677243676,2.49155354487351,1,2.21439991986201,2.74981738757737,1.67898245214665,1.98008834614938
"34","1_2_9",1,2,9,"D E J M R T X Y Z",36,1.72458603274685,2.4491720654937,1,1.97276368865148,2.60129082426077,1.34423655304218,1.84867486069916
"35","1_2_10",1,2,10,"D F G I M N P Q V Z",40,1.80775672506126,2.61551345012252,1,2.27553138248523,2.96801067356158,1.58305209140888,2.04164405377324
"36","1_2_11",1,2,11,"C B D E I J L O R Y Z",44,1.97277598020055,2.9455519604011,1,2.12083672775445,2.72857033168373,1.51310312382518,2.0468063539775
"37","1_2_12",1,2,12,"C B E H K N O P Q R S Z",48,1.92561883640153,2.85123767280305,1,2.46582693293106,3.39177611579702,1.53987775006509,2.19572288466629
"38","1_2_13",1,2,13,"B F G I M N Q R S V W X Y",52,1.71276218965189,2.42552437930378,1,2.42897748822186,3.22307524342954,1.63487973301417,2.07086983893687
"39","1_2_14",1,2,14,"A D E G H I M P Q R V W Y Z",56,1.83828931234321,2.67657862468642,1,2.2602643849516,2.85398830096882,1.66654046893438,2.0492768486474
"40","1_2_15",1,2,15,"C A G I J K L N P S T V W X Y",60,1.87859995644029,2.75719991288057,1,2.58660125852122,3.5865373553343,1.58666516170813,2.23260060748075
"41","1_2_16",1,2,16,"C A E F G H K L M O P R S W Y Z",64,1.85979919222346,2.71959838444691,1,2.60290404325615,3.60089927954547,1.60490880696683,2.2313516177398
"42","1_2_17",1,2,17,"A D F G H J L M N O Q R S T V X Z",68,1.74764567876604,2.49529135753208,1,2.35640774807343,3.15697692240981,1.55583857373704,2.05202671341973
"43","1_2_18",1,2,18,"C A B D F G H I J M P R S T V X Y Z",72,1.87120218781989,2.74240437563978,1,2.30084013965726,3.05021474907578,1.55146553023873,2.08602116373857
"44","1_2_19",1,2,19,"C A B D E F G J K M N O P Q R S V W Z",76,1.8586032803492,2.7172065606984,1,2.46559983074631,3.38147452215408,1.54972513933854,2.16210155554776
"45","1_2_20",1,2,20,"C A B D E G H I J K L M N O P Q T V W X",80,1.89666914319127,2.79333828638255,1,2.35879922138081,3.16895710338916,1.54864133937245,2.12773418228604
"46","1_2_21",1,2,21,"C A B D E F G H J K L N P Q S T V W X Y Z",84,1.85451152088259,2.70902304176518,1,2.44431900357518,3.33729938682311,1.55133862032725,2.14941526222888
"47","1_2_22",1,2,22,"C A B D E H I J K L N O P Q R S T V W X Y Z",88,1.86123153497663,2.72246306995326,1,2.42497162668145,3.27026302160231,1.57968023176059,2.14310158082904
"48","1_2_23",1,2,23,"C A B D E F G H I J K L M N O P Q S T V W X Z",92,1.86198772638421,2.72397545276841,1,2.4471154979518,3.30628325680897,1.58794773909464,2.154551612168
"49","1_2_24",1,2,24,"A B D E F G H I J K L M N O P Q R S T V W X Y Z",96,1.7550992238616,2.5101984477232,1,2.47275184940514,3.34043350261602,1.60507019619425,2.11392553663337
"51","1_3_1",1,3,1,"P",4,1.48006585210389,1.96013170420779,1,1,1,1,1.24003292605195
"52","1_3_2",1,3,2,"E F",8,1.76238101032804,2.52476202065608,1,2.01635241700682,2.69899924344778,1.33370559056587,1.88936671366743
"53","1_3_3",1,3,3,"E I P",12,2.07324280497922,3.14648560995845,1,1.89545999298126,2.22832702450216,1.56259296146037,1.98435139898024
"54","1_3_4",1,3,4,"A F G N",16,1.73203714979986,2.46407429959972,1,2.36499243947709,2.92254213710933,1.80744274184486,2.04851479463848
"55","1_3_5",1,3,5,"M R S T Y",20,1.5514762906513,2.10295258130259,1,2.17224302855741,3.05435828507351,1.2901277720413,1.86185965960435
"56","1_3_6",1,3,6,"D G K P T W",24,1.7816501953559,2.5633003907118,1,2.37745956555367,3.35199726625621,1.40292186485113,2.07955488045479
"57","1_3_7",1,3,7,"C B H P V W Y",28,1.92503243797373,2.85006487594746,1,2.13756758845277,2.92117944848448,1.35395572842106,2.03130001321325
"58","1_3_8",1,3,8,"A B P Q S V Y Z",32,1.55059764200433,2.10119528400867,1,2.19578395961672,2.87347838172953,1.51808953750391,1.87319080081053
"59","1_3_9",1,3,9,"B H I N O V X Y Z",36,1.71610551927498,2.43221103854996,1,2.20560066061244,2.85735500865595,1.55384631256893,1.96085308994371
"60","1_3_10",1,3,10,"A D E K L M N Q T Z",40,1.74779286446539,2.49558572893077,1,2.28229036796675,3.14637012718008,1.41821060875342,2.01504161621607
"61","1_3_11",1,3,11,"C A D G H K M N R S V",44,1.93549789541442,2.87099579082884,1,2.44730998983733,3.47742300490531,1.41719697476936,2.19140394262588
"62","1_3_12",1,3,12,"C E F G H K L N O S T Z",48,1.91383082764632,2.82766165529264,1,2.53378945895152,3.54469061112151,1.52288830678153,2.22381014329892
"63","1_3_13",1,3,13,"A G H J M N O P Q S V X Z",52,1.73715240793204,2.47430481586408,1,2.33365759232777,3.10196796545886,1.56534721919668,2.0354050001299
"64","1_3_14",1,3,14,"A B D E H I K M N O Q S T V",56,1.79404150266633,2.58808300533266,1,2.45198739979408,3.33596633043704,1.56800846915112,2.1230144512302
"65","1_3_15",1,3,15,"A B E H I L M N O P R S V X Z",60,1.70682329490609,2.41364658981218,1,2.29590169703935,3.04441973054905,1.54738366352966,2.00136249597272
"66","1_3_16",1,3,16,"C A B E F G M N O P R S V W Y Z",64,1.82719221720846,2.65438443441693,1,2.41670827400018,3.32781059727276,1.50560595072761,2.12195024560432
"67","1_3_17",1,3,17,"C A D E G I J K L M Q R S T V W Y",68,1.9168169271625,2.833633854325,1,2.53007883788563,3.44912969910122,1.61102797667004,2.22344788252406
"68","1_3_18",1,3,18,"C A B D E G I J K N O P Q S T V W Y",72,1.91347940665239,2.82695881330478,1,2.48851338353732,3.38814751932277,1.58887924775186,2.20099639509485
"69","1_3_19",1,3,19,"C A B F G H K L M N P Q S T V W X Y Z",76,1.80993645027824,2.61987290055647,1,2.50492579734875,3.44585884514692,1.56399274955058,2.15743112381349
"70","1_3_20",1,3,20,"A E F G H J L M N O P Q R S T V W X Y Z",80,1.7232241491887,2.44644829837739,1,2.49371405804837,3.3767093898489,1.61071872624784,2.10846910361853
"71","1_3_21",1,3,21,"C A B D E G H I J K L M N P Q S T V X Y Z",84,1.8705744412116,2.7411488824232,1,2.39033865602044,3.23528080991233,1.54539650212855,2.13045654861602
"72","1_3_22",1,3,22,"C B D E F G H I J K L M N O Q R S T V X Y Z",88,1.85477939036705,2.7095587807341,1,2.45000545997204,3.3313060912852,1.56870482865887,2.15239242516954
"73","1_3_23",1,3,23,"C A B D E F G H I J K L N O P Q R S T V W X Z",92,1.87059943687544,2.74119887375087,1,2.44782573173502,3.30116836765154,1.59448309581849,2.15921258430523
"74","1_3_24",1,3,24,"C A B E F G H I J K L M N O P Q R S T V W X Y Z",96,1.84216375186221,2.68432750372443,1,2.52221585512697,3.43424884775766,1.61018286249628,2.18218980349459
"76","1_4_1",1,4,1,"M",4,1.33652906337926,1.67305812675851,1,1,1,1,1.16826453168963
"77","1_4_2",1,4,2,"N P",8,1.54083561818099,2.08167123636197,1,1.5,2,1,1.52041780909049
"78","1_4_3",1,4,3,"K X Y",12,1.6043530312153,2.2087060624306,1,2.484392806471,3.45847496815334,1.51031064478866,2.04437291884315
"79","1_4_4",1,4,4,"D E P T",16,1.87480476020202,2.74960952040404,1,1.4,1.8,1,1.63740238010101
"80","1_4_5",1,4,5,"C A K X Y",20,1.92709231039066,2.85418462078132,1,2.42308296222142,3.35489995760161,1.49126596684123,2.17508763630604
"81","1_4_6",1,4,6,"I J K M Q Y",24,1.82560441215052,2.65120882430104,1,2.62678320937768,3.49898521124697,1.75458120750839,2.2261938107641
"82","1_4_7",1,4,7,"D G H L P T V",28,1.75873017466128,2.51746034932256,1,2.09994713369204,2.9401525206494,1.25974174673468,1.92933865417666
"83","1_4_8",1,4,8,"A F J P Q R V Y",32,1.7201164358948,2.44023287178961,1,2.51035484386262,3.34171392760841,1.67899576011683,2.11523563987871
"84","1_4_9",1,4,9,"C D F G H I J Q Y",36,2.13125940527894,3.26251881055788,1,2.33919032959446,2.90596119835742,1.77241946083149,2.2352248674367
"85","1_4_10",1,4,10,"D H I N O P Q W Y Z",40,1.8570973135648,2.71419462712959,1,2.26151543720988,2.78565230486589,1.73737856955387,2.05930637538734
"86","1_4_11",1,4,11,"B E G H I J L M Q V Y",44,1.76308474932401,2.52616949864802,1,2.27648984860742,3.0466628306103,1.50631686660455,2.01978729896572
"87","1_4_12",1,4,12,"A B D E F H J M N Q R T",48,1.86921977799875,2.7384395559975,1,2.22754896077655,2.91977491139571,1.5353230101574,2.04838436938765
"88","1_4_13",1,4,13,"C D F L M O P Q R W X Y Z",52,1.84215997278074,2.68431994556148,1,2.23835074974871,2.85379390551972,1.6229075939777,2.04025536126472
"89","1_4_14",1,4,14,"C A B D F G J N P Q S T X Z",56,1.90888794146363,2.81777588292726,1,2.23671800251113,2.93288775055143,1.54054825447082,2.07280297198738
"90","1_4_15",1,4,15,"A B D F H I L M N O R S W X Y",60,1.74462196297441,2.48924392594881,1,2.36464860537511,3.05994625378831,1.6693509569619,2.05463528417476
"91","1_4_16",1,4,16,"C A D E F G H J K Q R T V W X Z",64,1.91215541138451,2.82431082276902,1,2.37617198226071,3.21925173923913,1.5330922252823,2.14416369682261
"92","1_4_17",1,4,17,"C A B E F G H J M N P R S V W X Y",68,1.87661212133552,2.75322424267103,1,2.40126080640746,3.27135118748898,1.53117042532594,2.13893646387149
"93","1_4_18",1,4,18,"C A E F G H I J K M O Q R S V W X Y",72,1.9027874992624,2.8055749985248,1,2.63462111234088,3.56728936610602,1.70195285857575,2.26870430580164
"94","1_4_19",1,4,19,"C A B D E G H J K L N O P Q R T V X Y",76,1.87856115814248,2.75712231628495,1,2.32036737663494,3.17135687667154,1.46937787659834,2.09946426738871
"95","1_4_20",1,4,20,"C A D F G H I K L M N O Q R T V W X Y Z",80,1.85999517354028,2.71999034708057,1,2.45544659064438,3.300674184675,1.61021899661376,2.15772088209233
"96","1_4_21",1,4,21,"C B E G H I J K L M N O Q R S T V W X Y Z",84,1.84949379505957,2.69898759011913,1,2.500415471231,3.41928596530622,1.58154497715579,2.17495463314529
"97","1_4_22",1,4,22,"C A B D E F G H I K L M N O P Q S T V W X Y",88,1.85726223301186,2.71452446602372,1,2.48455042318754,3.36203485188842,1.60706599448666,2.1709063280997
"98","1_4_23",1,4,23,"C A B D F G H I J K L N O P Q R S T V W X Y Z",92,1.85274902531425,2.70549805062849,1,2.46190184105954,3.3188470780522,1.60495660406688,2.15732543318689
"99","1_4_24",1,4,24,"C A B D E F G H I J K L M N O P Q R S T V W X Z",96,1.85857978521379,2.71715957042759,1,2.4471154979518,3.30628325680897,1.58794773909464,2.1528476415828
"101","1_5_1",1,5,1,"L",4,1.14672860450566,1.29345720901131,1,2,3,1,1.57336430225283
"102","1_5_2",1,5,2,"A L",8,1.48614299004096,1.97228598008191,1,2,2.5,1.5,1.74307149502048
"103","1_5_3",1,5,3,"L O Z",12,1.4259684246541,1.8519368493082,1,2.14317166214212,2.92542836058068,1.36091496370356,1.78457004339811
"104","1_5_4",1,5,4,"B N P V",16,1.50876458258128,2.01752916516256,1,1.94033959803925,2.70108207875826,1.17959711732025,1.72455209031027
"105","1_5_5",1,5,5,"B F L M V",20,1.42970734196399,1.85941468392799,1,2.25415867303955,3.30792235352385,1.20039499255526,1.84193300750177
"106","1_5_6",1,5,6,"C I J N W Y",24,2.08504643462877,3.17009286925754,1,2.47581825078473,3.19395898698962,1.75767751457983,2.28043234270675
"107","1_5_7",1,5,7,"L P T V W X Y",28,1.55670861152376,2.11341722304753,1,2.23470230168551,3.07533285477945,1.39407174859157,1.89570545660464
"108","1_5_8",1,5,8,"C B D E F N R Z",32,1.96619669770343,2.93239339540686,1,2.12486674717736,2.82636338017064,1.42337011418408,2.04553172244039
"109","1_5_9",1,5,9,"B H J K O R S V Y",36,1.67506484170892,2.35012968341784,1,2.44492670514924,3.48470406131788,1.40514934898059,2.05999577342908
"110","1_5_10",1,5,10,"B D G H I O Q T W Y",40,1.8677179608444,2.7354359216888,1,2.12534603466129,2.55470026327683,1.69599180604575,1.99653199775285
"111","1_5_11",1,5,11,"F G I J K N O Q R W Z",44,1.80850623125381,2.61701246250763,1,2.61642206573246,3.50940089490107,1.72344323656385,2.21246414849314
"112","1_5_12",1,5,12,"A D E G J K M O P Q V Z",48,1.73734100787615,2.4746820157523,1,2.29304186394376,3.16435237579159,1.42173135209593,2.01519143590996
"113","1_5_13",1,5,13,"C F G I J K M N O Q T X Z",52,1.91448630280551,2.82897260561103,1,2.43171790705665,3.27710947903106,1.58632633508224,2.17310210493108
"114","1_5_14",1,5,14,"A B D E F K L O Q R V X Y Z",56,1.64630162600581,2.29260325201161,1,2.33309305971132,3.12404345352554,1.5421426658971,1.98969734285856
"115","1_5_15",1,5,15,"C B D E F H I K M O R T V X Z",60,1.85781010672296,2.71562021344591,1,2.34823137411646,3.17941523397776,1.51704751425516,2.10302074041971
"116","1_5_16",1,5,16,"A D E G H K M O P Q R S T W X Y",64,1.76027411320286,2.52054822640572,1,2.47902607441243,3.35286412489641,1.60518802392846,2.11965009380765
"117","1_5_17",1,5,17,"C A D E F G H J L M N R S V W X Z",68,1.88705733748991,2.77411467497983,1,2.36753337246533,3.20228020560773,1.53278653932292,2.12729535497762
"118","1_5_18",1,5,18,"C A D E F G H I J L N O R T V X Y Z",72,1.91512051961537,2.83024103923074,1,2.29663092002385,3.04313490610162,1.55012693394609,2.10587571981961
"119","1_5_19",1,5,19,"C A B D E F G H I J L M P R S T V W Y",76,1.91069989109786,2.82139978219572,1,2.39115470732215,3.22701337146222,1.55529604318209,2.15092729921001
"120","1_5_20",1,5,20,"C A B E F G H I J K L M N Q R V W X Y Z",80,1.87486388588176,2.74972777176352,1,2.49128642346217,3.36008311904369,1.62248972788064,2.18307515467196
"121","1_5_21",1,5,21,"C B D E G H I J K L M N O P Q R T V W X Y",84,1.88080038624789,2.76160077249578,1,2.40022467070249,3.24288690973291,1.55756243167207,2.14051252847519
"122","1_5_22",1,5,22,"C A B F G H I J K L M N O P Q R T V W X Y Z",88,1.84200211011063,2.68400422022126,1,2.48233514344954,3.3615644407633,1.60310584613578,2.16216862678009
"123","1_5_23",1,5,23,"C A B D F G H I J K L M N O P R S T V W X Y Z",92,1.83138362367254,2.66276724734508,1,2.4583691990882,3.352219304383,1.5645190937934,2.14487641138037
"124","1_5_24",1,5,24,"C A B D E F G H I J K M N O P Q R S T V W X Y Z",96,1.85917004961178,2.71834009922356,1,2.4607046119297,3.31988219019101,1.6015270336684,2.15993733077074
"127","1_6_2",1,6,2,"G H",8,2.02157292386492,3.04314584772983,1,1.66666666666667,1.66666666666667,1.66666666666667,1.84411979526579
"128","1_6_3",1,6,3,"I J S",12,1.98998778987585,2.97997557975169,1,2.47647583486906,3.1154355318298,1.83751613790832,2.23323181237245
"129","1_6_4",1,6,4,"A B D V",16,1.67310187163828,2.34620374327656,1,1.84038785633341,2.37642788657987,1.30434782608696,1.75674486398585
"130","1_6_5",1,6,5,"C A H K O",20,2.02194046777305,3.04388093554609,1,2.4509605804588,3.46077960507761,1.44114155584,2.23645052411592
"131","1_6_6",1,6,6,"B H J Q V W",24,1.83358912508159,2.66717825016318,1,2.21441520279428,2.85871108502407,1.57011932056449,2.02400216393793
"132","1_6_7",1,6,7,"H I J L M V Z",28,1.77298640878917,2.54597281757835,1,2.35443377768561,3.16125891331797,1.54760864205326,2.06371009323739
"133","1_6_8",1,6,8,"A B G I O P T V",32,1.69000982018634,2.38001964037268,1,2.16371464880165,2.88807909988066,1.43935019772265,1.926862234494
"134","1_6_9",1,6,9,"G J L M O Q T X Y",36,1.62885398877915,2.2577079775583,1,2.21660740156572,2.86075865527678,1.57245614785465,1.92273069517243
"135","1_6_10",1,6,10,"C A F I M Q R V W Y",40,1.97129786063962,2.94259572127925,1,2.51776468956016,3.2933890094914,1.74214036962893,2.24453127509989
"136","1_6_11",1,6,11,"C H I J M N P S T V Y",44,1.96728316373799,2.93456632747598,1,2.44329087153303,3.36621531120576,1.52036643186029,2.20528701763551
"137","1_6_12",1,6,12,"A B G H I J M N P S V W",48,1.82017003025179,2.64034006050358,1,2.41651763806567,3.2320673230097,1.60096795312164,2.11834383415873
"138","1_6_13",1,6,13,"E G J L M N O Q R T V W Y",52,1.69391416636316,2.38782833272632,1,2.47027598197705,3.46815211138838,1.47239985256572,2.08209507417011
"139","1_6_14",1,6,14,"C D F G I L M N O P R S X Z",56,1.88895676684226,2.77791353368452,1,2.33601615299968,3.06638611044868,1.60564619555068,2.11248645992097
"140","1_6_15",1,6,15,"C D E H J K L M N P Q R S V X",60,1.91181785826693,2.82363571653387,1,2.45316127626957,3.3944544421233,1.51186811041585,2.18248956726825
"141","1_6_16",1,6,16,"A B D E F G I J O Q S T V X Y Z",64,1.75954584383694,2.51909168767389,1,2.31617993777593,3.02565976963412,1.60670010591775,2.03786289080644
"142","1_6_17",1,6,17,"C A D E G H J L M N Q R T V W Y Z",68,1.9439747575222,2.8879495150444,1,2.26570315760444,3.04139197076685,1.49001434444204,2.10483895756332
"143","1_6_18",1,6,18,"A F G H I J L M O Q R S T V W X Y Z",72,1.74932543856742,2.49865087713484,1,2.4941855418247,3.30341615574324,1.68495492790616,2.12175549019606
"144","1_6_19",1,6,19,"C B D E G H I J K L M N P R T V W X Z",76,1.87627796336051,2.75255592672101,1,2.33983720144833,3.18526617427905,1.49440822861762,2.10805758240442
"145","1_6_20",1,6,20,"C A D E F H I J K M N O P Q R S T V W Y",80,1.91334790754316,2.82669581508631,1,2.57941732645463,3.5040550660266,1.65477958688265,2.24638261699889
"146","1_6_21",1,6,21,"C A B D G H I J L M N O P Q R S T V X Y Z",84,1.86649361769653,2.73298723539307,1,2.26797333358747,2.98298173076497,1.55296493640997,2.067233475642
"147","1_6_22",1,6,22,"C A B D F G H I J M N O P Q R S T V W X Y Z",88,1.86886135785542,2.73772271571084,1,2.35626198901022,3.09648275831145,1.61604121970899,2.11256167343282
"148","1_6_23",1,6,23,"C B D E F G H I J K L M N O P Q R T V W X Y Z",92,1.85920087979574,2.71840175959148,1,2.4241912430978,3.27361185549673,1.57477063069887,2.14169606144677
"149","1_6_24",1,6,24,"C A D E F G H I J K L M N O P Q R S T V W X Y Z",96,1.86512521718951,2.73025043437903,1,2.50516593152889,3.39215591815573,1.61817594490204,2.1851455743592
"152","1_7_2",1,7,2,"B Z",8,1.45876870275179,1.91753740550357,1,1.87213065446847,2.41092797560362,1.33333333333333,1.66544967861013
"153","1_7_3",1,7,3,"B Q Z",12,1.58906312779643,2.17812625559287,1,1.9436253033663,2.32274497712839,1.5645056296042,1.76634421558137
"154","1_7_4",1,7,4,"N T Y Z",16,1.63249753144705,2.2649950628941,1,2.23353635122159,3.11151259144232,1.35556011100087,1.93301694133432
"155","1_7_5",1,7,5,"G I O R W",20,1.87434345324874,2.74868690649747,1,2.07301949706865,2.44331103077881,1.70272796335849,1.97368147515869
"156","1_7_6",1,7,6,"G N O P X Y",24,1.63741690274256,2.27483380548512,1,2.03212774995455,2.60240346836422,1.46185203154488,1.83477232634856
"157","1_7_7",1,7,7,"C A I L P X Y",28,1.98649637892587,2.97299275785174,1,2.1516550008612,2.62341109367492,1.67989890804747,2.06907568989353
"158","1_7_8",1,7,8,"C D F G H M N W",32,2.00854516556064,3.01709033112128,1,2.30250570770993,3.05271591432952,1.55229550109035,2.15552543663529
"159","1_7_9",1,7,9,"C D F H L R T V Z",36,1.92165901263913,2.84331802527826,1,2.24808027587178,3.07985462779616,1.41630592394741,2.08486964425546
"160","1_7_10",1,7,10,"C D G J O Q S T V Y",40,1.96270043341197,2.92540086682394,1,2.35744218632992,3.226817378098,1.48806699456184,2.16007130987094
"161","1_7_11",1,7,11,"A E F H J K M O Q S Z",44,1.77394862757214,2.54789725514428,1,2.54360728099494,3.3998418713541,1.68737269063577,2.15877795428354
"162","1_7_12",1,7,12,"A E F H L M N R S X Y Z",48,1.68608418490569,2.37216836981138,1,2.46119633682122,3.30367658361367,1.61871609002877,2.07364026086345
"163","1_7_13",1,7,13,"D E G H J L M O P Q R S Y",52,1.82371283623375,2.6474256724675,1,2.32879972131418,3.04491959839116,1.61267984423721,2.07625627877397
"164","1_7_14",1,7,14,"C A B D F H I M O P R V W X",56,1.88291133916044,2.76582267832088,1,2.21162232440931,2.82698539144167,1.59625925737695,2.04726683178487
"165","1_7_15",1,7,15,"C A B E F G H I J M O P R X Z",60,1.93574070013936,2.87148140027873,1,2.21255294689786,2.83415224535545,1.59095364844028,2.07414682351861
"166","1_7_16",1,7,16,"C A B F G J K O P R S T V X Y Z",64,1.79727577829821,2.59455155659642,1,2.44778123232596,3.40376918923067,1.49179327542126,2.12252850531209
"167","1_7_17",1,7,17,"C B E F G K L M N O Q R S V X Y Z",68,1.79593349667651,2.59186699335303,1,2.48666399403574,3.43879831755994,1.53452967051154,2.14129874535613
"168","1_7_18",1,7,18,"C A B F G H J K M N O P Q R S T W X",72,1.86863209036307,2.73726418072613,1,2.55210689121556,3.49123004090043,1.61298374153068,2.21036949078931
"169","1_7_19",1,7,19,"C A B D G H I J L M N Q R S T V X Y Z",76,1.88342606452556,2.76685212905112,1,2.27457269850801,2.99217622167696,1.55696917533905,2.07899938151678
"170","1_7_20",1,7,20,"A B D E F G H I J K L M N P Q R T X Y Z",80,1.78920859980587,2.57841719961175,1,2.38673354570141,3.18393849355756,1.58952859784526,2.08797107275364
"171","1_7_21",1,7,21,"C A B D F G H I J M N O P Q R S V W X Y Z",84,1.87482014258396,2.74964028516792,1,2.3475974639075,3.05795206794699,1.63724285986801,2.11120880324573
"172","1_7_22",1,7,22,"C A B D E F G H I J K L M N P R T V W X Y Z",88,1.85832246692686,2.71664493385372,1,2.40991560190329,3.27353812899425,1.54629307481234,2.13411903441508
"173","1_7_23",1,7,23,"C A B D F G H I J K L M N O P Q R S T V X Y Z",92,1.84403314821075,2.6880662964215,1,2.43470064546323,3.29362212400752,1.57577916691895,2.13936689683699
"174","1_7_24",1,7,24,"C B D E F G H I J K L M N O P Q R S T V W X Y Z",96,1.85017876345686,2.70035752691372,1,2.47176529325545,3.35490940599707,1.58862118051383,2.16097202835616
"176","1_8_1",1,8,1,"Z",4,1.49219762450906,1.98439524901812,1,1.94523938915863,2.64071535967645,1.24976341864081,1.71871850683385
"177","1_8_2",1,8,2,"P Z",8,1.49886642725147,1.99773285450294,1,1.90755567841329,2.58318818237439,1.23192317445219,1.70321105283238
"178","1_8_3",1,8,3,"D E J",12,2.06848269747631,3.13696539495261,1,1.50453695834107,2.00907391668214,1,1.78650982790869
"179","1_8_4",1,8,4,"H K V X",16,1.6986750874487,2.39735017489741,1,2.43123945419383,3.4069528795955,1.45552602879217,2.06495727082127
"180","1_8_5",1,8,5,"A B F P Z",20,1.54670060369752,2.09340120739503,1,2.17228090433444,2.80468134010957,1.53988046855931,1.85949075401598
"181","1_8_6",1,8,6,"E M Q R V Y",24,1.46770808474772,1.93541616949545,1,2.39293641213289,3.40786258423179,1.37801024003399,1.93032224844031
"182","1_8_7",1,8,7,"B E I L S W Y",28,1.75907630098643,2.51815260197286,1,2.33495591652322,3.10221757912761,1.56769425391883,2.04701610875483
"183","1_8_8",1,8,8,"C F I K L Q V W",32,1.96726662579411,2.93453325158821,1,2.67112896615234,3.65565648850179,1.68660144380288,2.31919779597322
"184","1_8_9",1,8,9,"C D E G H I N S V",36,2.07814203429315,3.1562840685863,1,2.36300296763038,3.15930916122663,1.56669677403413,2.22057250096177
"185","1_8_10",1,8,10,"G H I K L N Q W X Z",40,1.8074087110305,2.61481742206101,1,2.5013676071156,3.33208873189577,1.67064648233542,2.15438815907305
"186","1_8_11",1,8,11,"C B F H L N O P S X Y",44,1.86136131931475,2.72272263862951,1,2.33258765108721,3.15188007678614,1.51329522538828,2.09697448520098
"187","1_8_12",1,8,12,"A E F H J L N S T V W Y",48,1.77319956684672,2.54639913369344,1,2.56214098378052,3.59230351335275,1.53197845420828,2.16767027531362
"188","1_8_13",1,8,13,"B D H I M O P T V W X Y Z",52,1.72174621140424,2.44349242280848,1,2.1693589390088,2.79907477301025,1.53964310500736,1.94555257520652
"189","1_8_14",1,8,14,"D E G H I J K O P R T W Y Z",56,1.83937249450529,2.67874498901058,1,2.43961080955257,3.30510142331944,1.5741201957857,2.13949165202893
"190","1_8_15",1,8,15,"A B E F H I J L N Q S V W X Y",60,1.79101747458288,2.58203494916577,1,2.45221128462045,3.23348216692166,1.67094040231925,2.12161437960167
"191","1_8_16",1,8,16,"C A F G H J K L N O P Q S W X Z",64,1.87913748096453,2.75827496192905,1,2.57609728361965,3.50250680366088,1.64968776357843,2.22761738229209
"192","1_8_17",1,8,17,"C A B F G I J K L M N P Q S V Y Z",68,1.86578035938018,2.73156071876037,1,2.51929312897416,3.44610631626102,1.5924799416873,2.19253674417717
"193","1_8_18",1,8,18,"C D E H I J K M N O Q S T V W X Y Z",72,1.88823676249611,2.77647352499222,1,2.48665281042396,3.37525425786196,1.59805136298597,2.18744478646004
"194","1_8_19",1,8,19,"C A B D E G I J K L M N O Q R V W X Z",76,1.87167991198748,2.74335982397496,1,2.33017237711149,3.11502266232959,1.5453220918934,2.10092614454949
"195","1_8_20",1,8,20,"C A B D E F H I J L N O P Q T V W X Y Z",80,1.89060744786842,2.78121489573684,1,2.29691455610565,2.99474891035798,1.59908020185332,2.09376100198704
"196","1_8_21",1,8,21,"C A D E F G H J K L M N O Q S T V W X Y Z",84,1.85253060323936,2.70506120647873,1,2.50061709946203,3.43165037905007,1.56958381987399,2.1765738513507
"197","1_8_22",1,8,22,"C A B D E G H I J K L M N O P R S T V W Y Z",88,1.86386957556321,2.72773915112642,1,2.44658902662593,3.36805223018048,1.52512582307139,2.15522930109457
"198","1_8_23",1,8,23,"C A B D E F G H I J K L N O P Q R S T V X Y Z",92,1.8649602226227,2.7299204452454,1,2.43456189198836,3.29009600236917,1.57902778160756,2.14976105730553
"201","1_9_1",1,9,1,"B",4,1.38615226918749,1.77230453837499,1,1.45068147211717,1.71036738880313,1.19099555543121,1.41841687065233
"202","1_9_2",1,9,2,"M R",8,1.4180955978528,1.83619119570559,1,1,1,1,1.2090477989264
"203","1_9_3",1,9,3,"D W X",12,1.70222415909923,2.40444831819846,1,1.69363811150229,2.01308654335933,1.37418967964526,1.69793113530076
"204","1_9_4",1,9,4,"K L T Y",16,1.58960630005773,2.17921260011547,1,2.56757631700673,3.7302178371407,1.40493479687277,2.07859130853223
"205","1_9_5",1,9,5,"E K O P Z",20,1.63317948787847,2.26635897575694,1,2.42827153485142,3.47251636327007,1.38402670643278,2.03072551136495
"206","1_9_6",1,9,6,"E G J M T W",24,1.82149195373282,2.64298390746565,1,1.81965683497602,2.3582984357913,1.28101523416073,1.82057439435442
"207","1_9_7",1,9,7,"A B H J R T Y",28,1.74758282045005,2.4951656409001,1,2.12000830210622,2.86696465291213,1.37305195130031,1.93379556127814
"208","1_9_8",1,9,8,"E F G J M P S Z",32,1.74055169127919,2.48110338255837,1,2.4628447460575,3.3375503494511,1.5881391426639,2.10169821866834
"209","1_9_9",1,9,9,"A I K M N Q R T Z",36,1.78169146777958,2.56338293555915,1,2.3672791538446,3.15685464275208,1.57770366493712,2.07448531081209
"210","1_9_10",1,9,10,"C B J L M N O W Y Z",40,1.85783524967456,2.71567049934911,1,2.28020016024555,3.13014083926957,1.43025948122152,2.06901770496005
"211","1_9_11",1,9,11,"B F G I K M P Q R V W",44,1.73058710249735,2.4611742049947,1,2.57913617020985,3.52086683542532,1.63740550499439,2.1548616363536
"212","1_9_12",1,9,12,"C A B D E F I J L O Q W",48,2.01191828483367,3.02383656966734,1,2.2794319785201,2.86837172708318,1.69049222995703,2.14567513167689
"213","1_9_13",1,9,13,"C A B E F K N O P Q R Y Z",52,1.88192818008057,2.76385636016114,1,2.48329530318923,3.38196503257245,1.58462557380601,2.1826117416349
"214","1_9_14",1,9,14,"C A D E J K N O P S T W X Y",56,1.88470631739481,2.76941263478961,1,2.47192925069577,3.45171108231411,1.49214741907743,2.17831778404529
"215","1_9_15",1,9,15,"C D E G K N O P Q S V W X Y Z",60,1.85926833940987,2.71853667881973,1,2.44658120524783,3.34508193133737,1.54808047915828,2.15292477232885
"216","1_9_16",1,9,16,"C A B F G I J K M N R V W X Y Z",64,1.84691543603324,2.69383087206647,1,2.48386287758007,3.37897772320709,1.58874803195306,2.16538915680666
"217","1_9_17",1,9,17,"C A D E F G I L M O P S T W X Y Z",68,1.87013605951631,2.74027211903262,1,2.35484373405573,3.07655620342244,1.63313126468902,2.11248989678602
"218","1_9_18",1,9,18,"C A D F G H I J K L M N O S T V X Y",72,1.87399345237114,2.74798690474228,1,2.51775141307945,3.45732167146462,1.57818115469429,2.1958724327253
"219","1_9_19",1,9,19,"C A B D E F G H J K L M O P S V W X Y",76,1.84002384172085,2.6800476834417,1,2.44230466903607,3.36205291670983,1.52255642136232,2.14116425537846
"220","1_9_20",1,9,20,"A B D E G I J K L M O P Q S T V W X Y Z",80,1.72536037826331,2.45072075652662,1,2.41472392404785,3.25194600899857,1.57750183909714,2.07004215115558
"221","1_9_21",1,9,21,"B D E F G H I J K L M N O P Q S T V W Y Z",84,1.77077166843375,2.54154333686751,1,2.51645496545768,3.43748348796447,1.59542644295089,2.14361331694572
"222","1_9_22",1,9,22,"A B D F G H I J K L M N O P Q R S V W X Y Z",88,1.74517136476148,2.49034272952296,1,2.4669297027881,3.3081059708812,1.62575343469501,2.10605053377479
"223","1_9_23",1,9,23,"C A B D E F H I J K L M N O P Q R S T W X Y Z",92,1.85941494957337,2.71882989914675,1,2.46722035817408,3.30974812618363,1.62469259016453,2.16331765387373
"224","1_9_24",1,9,24,"C A B D E G H I J K L M N O P Q R S T V W X Y Z",96,1.85423210191856,2.70846420383713,1,2.419518751726,3.26897019552438,1.57006730792762,2.13687542682228
"226","1_10_1",1,10,1,"W",4,1.2681085930502,1.53621718610039,1,1.74924033199851,1.8126723038486,1.68580836014842,1.50867446252435
"227","1_10_2",1,10,2,"A K",8,1.66068042238842,2.32136084477684,1,2.51681655692933,3.57899652039436,1.45463659346429,2.08874848965887
"228","1_10_3",1,10,3,"I P Q",12,2.09267877362617,3.18535754725233,1,1.94147176417882,2.13317526807313,1.74976826028452,2.01707526890249
"229","1_10_4",1,10,4,"A B S Z",16,1.54333123436241,2.08666246872482,1,2.11258788143428,2.77517198640403,1.45000377646452,1.82795955789834
"230","1_10_5",1,10,5,"G M V W Y",20,1.56488689557361,2.12977379114722,1,2.23825390992534,3.22301128696441,1.25349653288627,1.90157040274948
"231","1_10_6",1,10,6,"E F K O V Z",24,1.60499759584327,2.20999519168653,1,2.57104368892052,3.6400884775779,1.50199890026314,2.08802064238189
"232","1_10_7",1,10,7,"A B H L N V X",28,1.66079545794212,2.32159091588425,1,2.05394700542645,2.71313909507645,1.39475491577645,1.85737123168429
"233","1_10_8",1,10,8,"B F I J K P S X",32,1.74958240843725,2.4991648168745,1,2.5517482028214,3.46296952240027,1.64052688324253,2.15066530562932
"234","1_10_9",1,10,9,"A D E F H R T V X",36,1.78635653395707,2.57271306791414,1,2.18101817085281,2.87287075978668,1.48916558191893,1.98368735240494
"235","1_10_10",1,10,10,"C A B D E H I P R T",40,2.04964618728381,3.09929237456763,1,1.91942999884529,2.34874591633873,1.49011408135186,1.98453809306455
"236","1_10_11",1,10,11,"A D E I K M O P T W Y",44,1.78421573348859,2.56843146697719,1,2.45790938812603,3.31655848717919,1.59926028907287,2.12106256080731
"237","1_10_12",1,10,12,"A D E F I K N P V W X Z",48,1.74477518130845,2.4895503626169,1,2.42622402031541,3.26928231902081,1.58316572161001,2.08549960081193
"238","1_10_13",1,10,13,"C B D E H J L Q S V X Y Z",52,1.90446070967545,2.8089214193509,1,2.1948168390736,2.89004402899968,1.49958964914752,2.04963877437453
"239","1_10_14",1,10,14,"A D E F I J K M Q R T V X Y",56,1.77663158991702,2.55326317983403,1,2.46643503143029,3.31854972392317,1.61432033893741,2.12153331067365
"240","1_10_15",1,10,15,"B E F G J K M N O P R S T W Y",60,1.70444610365652,2.40889220731304,1,2.64951630365094,3.77003615538699,1.52899645191489,2.17698120365373
"241","1_10_16",1,10,16,"C B D F H I J N O P R S T V X Z",64,1.88394994132596,2.76789988265193,1,2.31435536768551,3.08691971040135,1.54179102496967,2.09915265450574
"242","1_10_17",1,10,17,"A D E F I J K L M N P Q R S T V W",68,1.7900693158693,2.58013863173859,1,2.58561976526503,3.52884498991231,1.64239454061774,2.18784454056716
"243","1_10_18",1,10,18,"A B D F G I K L N P Q R T V W X Y Z",72,1.72836703552131,2.45673407104262,1,2.41522492235624,3.23154032650881,1.59890951820366,2.07179597893877
"244","1_10_19",1,10,19,"C E F G H I J K M N O P Q R T W X Y Z",76,1.90685658561882,2.81371317123764,1,2.52948503488851,3.4067529586289,1.65221711114813,2.21817081025367
"245","1_10_20",1,10,20,"C A D E F G H I J K M N O Q S T V X Y Z",80,1.88893851000307,2.77787702000614,1,2.47941171895856,3.35368302385377,1.60514041406335,2.18417511448082
"246","1_10_21",1,10,21,"C A B D E F G H J K L M N O P R T V W X Z",84,1.83653800486304,2.67307600972608,1,2.36190063621414,3.2540984964352,1.46970277599307,2.09921932053859
"247","1_10_22",1,10,22,"C A D E F G H I J K M N O P Q R T V W X Y Z",88,1.88673825998759,2.77347651997519,1,2.43973134266863,3.28349141627955,1.59597126905771,2.16323480132811
"248","1_10_23",1,10,23,"C A B D E F G H I J K L M N O P Q R T V W Y Z",92,1.87936535530965,2.7587307106193,1,2.44937844320134,3.31929769062537,1.57945919577732,2.1643718992555
"251","2_1_1",2,1,1,"C",4,1.99883744763057,2.99767489526115,1,1.48006585210389,1.96013170420779,1,1.73945164986723
"252","2_1_2",2,1,2,"E Z",8,1.70574157211093,2.41148314422186,1,1.84074602346872,2.34604078000263,1.33545126693481,1.77324379778983
"253","2_1_3",2,1,3,"B M Z",12,1.52013146435742,2.04026292871484,1,1.96679614591395,2.47874421784603,1.45484807398188,1.74346380513569
"254","2_1_4",2,1,4,"F H V Y",16,1.98869378911588,2.97738757823176,1,2.23801917255254,2.77720909323895,1.69882925186613,2.11335648083421
"255","2_1_5",2,1,5,"C D J T Z",20,2.06883592583081,3.13767185166162,1,1.69716902744573,2.21640263187334,1.17793542301813,1.88300247663827
"256","2_1_6",2,1,6,"A F G L O W",24,1.63876588317378,2.27753176634757,1,2.42261460871092,3.329096773333,1.51613244408883,2.03069024594235
"257","2_1_7",2,1,7,"E F H Q W X Y",28,1.91251077680456,2.82502155360912,1,2.34681172975597,2.60811622321232,2.08550723629962,2.12966125328027
"258","2_1_8",2,1,8,"A N Q R W X Y Z",32,1.81948065860046,2.63896131720091,1,2.29155487538111,2.62764849015415,1.95546126060808,2.05551776699078
"259","2_1_9",2,1,9,"C B J N S T V X Z",36,1.84409820350621,2.68819640701243,1,2.31550021037383,3.21913515223539,1.41186526851227,2.07979920694002
"260","2_1_10",2,1,10,"C G J L M N O Q S X",40,1.94081956790942,2.88163913581883,1,2.40750514845514,3.29572931294357,1.51928098396671,2.17416235818228
"261","2_1_11",2,1,11,"C A D J K L N Q T V W",44,2.01088244442792,3.02176488885584,1,2.27955137171448,3.02138794665554,1.53771479677342,2.1452169080712
"262","2_1_12",2,1,12,"B D G J M N O P S T V X",48,1.70788153524484,2.41576307048967,1,2.18997619517547,3.01343138870804,1.36652100164291,1.94892886521015
"263","2_1_13",2,1,13,"C A E L N O P Q T W X Y Z",52,1.99278497803782,2.98556995607563,1,2.28628993546519,2.66046204506566,1.91211782586472,2.1395374567515
"264","2_1_14",2,1,14,"B D G H I K L M O P Q T V Y",56,1.88808901107931,2.77617802215861,1,2.19648429772448,2.56730642077421,1.82566217467475,2.04228665440189
"265","2_1_15",2,1,15,"C G H I J L M N O P Q R S T W",60,1.99812004794105,2.9962400958821,1,2.50227620360453,3.25958483179965,1.7449675754094,2.25019812577279
"266","2_1_16",2,1,16,"D E F J K M N O P Q R S W X Y Z",64,1.82335910590141,2.64671821180281,1,2.48664788138811,3.09965050774131,1.87364525503491,2.15500349364476
"267","2_1_17",2,1,17,"C B D F G I K M N O P Q R S T V W",68,1.93563106300913,2.87126212601827,1,2.43719830835361,3.24112451410047,1.63327210260675,2.18641468568137
"268","2_1_18",2,1,18,"B D E G H I J L M N O Q R S T V X Y",72,1.85572515134349,2.71145030268697,1,2.41092924311277,3.01349219498428,1.80836629124127,2.13332719722813
"269","2_1_19",2,1,19,"C A D F G H I J L M N O P Q R T W X Y",76,1.98847989254923,2.97695978509846,1,2.38339264252411,2.90707693407627,1.85970835097196,2.18593626753667
"270","2_1_20",2,1,20,"C A B E F G H I J K M N O P Q S W X Y Z",80,1.95167972562751,2.90335945125502,1,2.50971128990665,3.08049996762826,1.93892261218505,2.23069550776708
"271","2_1_21",2,1,21,"A B D E G J K L M N O P Q R S T V W X Y Z",84,1.82699354069144,2.65398708138288,1,2.38094397926827,2.9938323759132,1.76805558262335,2.10396875997986
"272","2_1_22",2,1,22,"C A B D E F H I J K L N O P R S T V W X Y Z",88,1.92106329862608,2.84212659725215,1,2.44379101999517,3.08678016637288,1.80080187361746,2.18242715931062
"273","2_1_23",2,1,23,"C A B D E F H I J K L M N O Q R S T V W X Y Z",92,1.92901915926965,2.8580383185393,1,2.45890294944752,3.09742899812973,1.82037690076532,2.19396105435859
"274","2_1_24",2,1,24,"C A B D E F G H I J K L M N O P R S T V W X Y Z",96,1.90723710675331,2.81447421350662,1,2.43654240299559,3.08472272115814,1.78836208483304,2.17188975487445
"276","2_2_1",2,2,1,"A",4,1.22878463249055,1.45756926498109,1,1,1,1,1.11439231624527
"277","2_2_2",2,2,2,"W X",8,1.55283163568748,2.10566327137497,1,1.92217232118795,2.39587443950657,1.44847020286932,1.73750197843772
"278","2_2_3",2,2,3,"K L Z",12,1.67774908711547,2.35549817423094,1,2.04096025570366,2.5937464102019,1.48817410120543,1.85935467140957
"279","2_2_4",2,2,4,"O P V W",16,1.73427504373191,2.46855008746382,1,2.08214535314002,2.75782791081742,1.40646279546262,1.90821019843596
"280","2_2_5",2,2,5,"B G L O Y",20,1.92311094598013,2.84622189196025,1,1.88973945427546,1.88181392974115,1.89766497880976,1.90642520012779
"281","2_2_6",2,2,6,"I K M N Q Z",24,1.81711306548727,2.63422613097454,1,2.44226921114047,3.02394618399704,1.8605922382839,2.12969113831387
"282","2_2_7",2,2,7,"C B D E F L Y",28,2.14333244401538,3.28666488803076,1,2.07998729342791,2.46962759926857,1.69034698758726,2.11165986872165
"283","2_2_8",2,2,8,"E I L N S V W Y",32,1.93562431892571,2.87124863785142,1,2.43882468014041,3.01845540695346,1.85919395332736,2.18722449953306
"284","2_2_9",2,2,9,"B E J K L N O S V",36,1.77236725022209,2.54473450044418,1,2.28592936796305,3.16909819651477,1.40276053941134,2.02914830909257
"285","2_2_10",2,2,10,"A D F J L N S T W Z",40,1.73024139603821,2.46048279207642,1,2.42277307665284,3.34260998999165,1.50293616331403,2.07650723634553
"286","2_2_11",2,2,11,"C B F G L M O P Q V Y",44,2.04988796383548,3.09977592767097,1,2.24207878656047,2.77764419783575,1.70651337528518,2.14598337519797
"287","2_2_12",2,2,12,"A D G J K M O Q R S W Z",48,1.78486408489737,2.56972816979473,1,2.40172517775296,3.14338696712945,1.66006338837647,2.09329463132516
"288","2_2_13",2,2,13,"C B D F M N O P Q S T W Y",52,1.99381953599973,2.98763907199946,1,2.37689355811311,2.90406933506447,1.84971778116175,2.18535654705642
"289","2_2_14",2,2,14,"A B H I K L N P R S T V X Y",56,1.82064099980288,2.64128199960576,1,2.39758698043909,3.00600009793908,1.7891738629391,2.10911399012099
"290","2_2_15",2,2,15,"C A B D F I J L O P R S W X Z",60,1.88562523106901,2.77125046213803,1,2.41463788336891,3.17906270068275,1.65021306605507,2.15013155721896
"291","2_2_16",2,2,16,"C A D E F G J M Q R S T V X Y Z",64,1.95713399944304,2.91426799888608,1,2.38441913307458,3.00610958233939,1.76272868380977,2.17077656625881
"292","2_2_17",2,2,17,"A B D F G H I K M O P Q R S W X Z",68,1.73914186327155,2.4782837265431,1,2.38910499727003,3.08413992731547,1.69407006722458,2.06412343027079
"293","2_2_18",2,2,18,"C A B D E F H I J K L N Q S T X Y Z",72,1.97010761634071,2.94021523268142,1,2.40714135479391,2.9770044459359,1.83727826365191,2.18862448556731
"294","2_2_19",2,2,19,"C A B D E F G I J M N O Q T V W X Y Z",76,1.97946347040602,2.95892694081204,1,2.31465466241359,2.80944484996067,1.81986447486651,2.14705906640981
"295","2_2_20",2,2,20,"C A B D E F G H I J K M N O Q R S V Y Z",80,2.00243547705974,3.00487095411948,1,2.44618021567579,3.01747822885766,1.87488220249393,2.22430784636777
"296","2_2_21",2,2,21,"C A D E F G H J K L M N O P Q S V W X Y Z",84,1.92325604634568,2.84651209269136,1,2.40188842688668,3.02068569821343,1.78309115555993,2.16257223661618
"297","2_2_22",2,2,22,"C A B E F G H I K L N O P Q R S T V W X Y Z",88,1.92707347319888,2.85414694639777,1,2.49431431741268,3.14048134168656,1.8481472931388,2.21069389530578
"298","2_2_23",2,2,23,"C A B D E F G H I K L M N O Q R S T V W X Y Z",92,1.91839348395845,2.8367869679169,1,2.44070847106018,3.06487724281537,1.816539699305,2.17955097750932
"301","2_3_1",2,3,1,"K",4,1.73944228832987,2.47888457665975,1,1.81992263597357,2.21655942551753,1.42328584642961,1.77968246215172
"302","2_3_2",2,3,2,"L Y",8,1.98884409990718,2.97768819981436,1,1.62243129189833,1.8,1.44486258379666,1.80563769590276
"303","2_3_3",2,3,3,"V W Y",12,1.99976101421199,2.99952202842397,1,2.15564039865679,2.23721313428736,2.07406766302622,2.07770070643439
"304","2_3_4",2,3,4,"A J K P",16,1.81544354230405,2.63088708460811,1,2.0371030055341,2.54320317827154,1.53100283279666,1.92627327391908
"305","2_3_5",2,3,5,"C A D I P",20,2.20173920394547,3.40347840789094,1,1.85922069874475,2.16697975750225,1.55146163998724,2.03047995134511
"306","2_3_6",2,3,6,"A G K P V W",24,1.7785153815083,2.55703076301661,1,2.13479810557326,2.755897659047,1.51369855209952,1.95665674354078
"307","2_3_7",2,3,7,"E N O P R S T",28,1.76254955207934,2.52509910415869,1,2.1994735706073,2.90092692484354,1.49802021637106,1.98101156134332
"308","2_3_8",2,3,8,"F G K L N W X Z",32,1.65087013552172,2.30174027104344,1,2.32075407445479,3.10077731779071,1.54073083111888,1.98581210498826
"309","2_3_9",2,3,9,"E F G H K M Q R S",36,1.76400006703161,2.52800013406321,1,2.47767684516406,3.28960434220096,1.66574934812716,2.12083845609784
"310","2_3_10",2,3,10,"C A G M N P S T X Z",40,1.83996415582034,2.67992831164068,1,2.29349456252189,3.14100806202594,1.44598106301785,2.06672935917112
"311","2_3_11",2,3,11,"B D H J K P Q S V W Z",44,1.80893315539917,2.61786631079835,1,2.29622212203389,2.97283282041996,1.61961142364782,2.05257763871653
"312","2_3_12",2,3,12,"G I L M N P Q S W X Y Z",48,1.8255712417538,2.65114248350759,1,2.54703877682052,3.04736714434571,2.04671040929533,2.18630500928716
"313","2_3_13",2,3,13,"C A D G I J K N O R T W Y",52,2.06867606312919,3.13735212625838,1,2.3825152127537,2.82347422074924,1.94155620475816,2.22559563794145
"314","2_3_14",2,3,14,"A D F H I J L M O Q R S X Y",56,1.88190502381483,2.76381004762966,1,2.48081540710887,3.02579102760124,1.9358397866165,2.18136021546185
"315","2_3_15",2,3,15,"C A B D E F J K L N O Q S Y Z",60,2.0156662581132,3.03133251622639,1,2.39077434442805,2.93816278599593,1.84338590286017,2.20322030127063
"316","2_3_16",2,3,16,"C A B E F I K L M P Q R V W X Y",64,1.97353005202318,2.94706010404635,1,2.40921257894228,2.96202519366881,1.85639996421575,2.19137131548273
"317","2_3_17",2,3,17,"C B D E F H I L M N O Q R T V Y Z",68,2.02752315093939,3.05504630187878,1,2.39729307655079,2.92988798419558,1.864698168906,2.21240811374509
"318","2_3_18",2,3,18,"B E F G H I J K L O P R S T V W X Y",72,1.83475293765835,2.66950587531669,1,2.48970977374895,3.16651573588771,1.81290381161018,2.16223135570365
"319","2_3_19",2,3,19,"C A B D E F G I J L O P Q S T V W X Z",76,1.90412260034286,2.80824520068572,1,2.34376201265105,3.0902480113465,1.59727601395559,2.12394230649695
"320","2_3_20",2,3,20,"A D E F G I J L M O P Q R S T V W X Y Z",80,1.84638751147135,2.6927750229427,1,2.48948921951813,3.09966887090989,1.87930956812636,2.16793836549474
"321","2_3_21",2,3,21,"A D E G H I J K L M N P Q R S T V W X Y Z",84,1.85169631909974,2.70339263819948,1,2.45786820914389,3.05955036692549,1.85618605136229,2.15478226412182
"322","2_3_22",2,3,22,"C A B D F G H I J K L M O P R S T V W X Y Z",88,1.89934844249543,2.79869688499087,1,2.41395669909142,3.03560244622779,1.79231095195506,2.15665257079343
"323","2_3_23",2,3,23,"A B D E F G H I J K L M N O P Q R S V W X Y Z",92,1.83819765144671,2.67639530289343,1,2.46172009575309,3.06668344129183,1.85675675021435,2.1499588735999
"324","2_3_24",2,3,24,"C A B D E F G H I J K L M O P Q R S T V W X Y Z",96,1.92337911255961,2.84675822511921,1,2.42664700738016,3.04060649470711,1.8126875200532,2.17501305996988
"327","2_4_2",2,4,2,"H Z",8,1.59209761380903,2.18419522761806,1,2.0951107851708,2.58640928985893,1.60381228048266,1.84360419948991
"328","2_4_3",2,4,3,"E K L",12,1.7526741728056,2.5053483456112,1,1.97483128643256,2.58584927048031,1.36381330238481,1.86375272961908
"329","2_4_4",2,4,4,"D E J N",16,2.00321097500026,3.00642195000052,1,1.6331092761506,2.2662185523012,1,1.81816012557543
"330","2_4_5",2,4,5,"C B G O W",20,2.10579835874703,3.21159671749405,1,1.96771643706565,2.45291535583498,1.48251751829633,2.03675739790634
"331","2_4_6",2,4,6,"E G I O S X",24,1.6627256383526,2.32545127670521,1,2.3960861634276,3.1550452373613,1.6371270894939,2.0294059008901
"332","2_4_7",2,4,7,"D I J N O X Z",28,1.80642411608729,2.61284823217459,1,2.10379708800528,2.66987470362782,1.53771947238274,1.95511060204629
"333","2_4_8",2,4,8,"F J K M P R S Y",32,1.87014962649614,2.74029925299227,1,2.4017535791132,3.02955103493486,1.77395612329154,2.13595160280467
"334","2_4_9",2,4,9,"A F I L M N P Q Z",36,1.76961901307217,2.53923802614435,1,2.47312890472318,3.1376923349758,1.80856547447056,2.12137395889767
"335","2_4_10",2,4,10,"C E G H I M Q S V Y",40,2.0856055884784,3.1712111769568,1,2.28800473037117,2.80270082989497,1.77330863084737,2.18680515942479
"336","2_4_11",2,4,11,"B D G H K O P R W X Z",44,1.71449191534107,2.42898383068215,1,2.04131086226466,2.62530964345242,1.4573120810769,1.87790138880287
"337","2_4_12",2,4,12,"C B D H I J L P Q R V X",48,1.99699392988901,2.99398785977802,1,2.22539145547291,2.8687011101542,1.58208180079163,2.11119269268096
"338","2_4_13",2,4,13,"F G H J K L M O R S T Y Z",52,1.83496249303572,2.66992498607144,1,2.44600165721313,3.08168979231574,1.81031352211052,2.14048207512442
"339","2_4_14",2,4,14,"C A B D F I K N O P R X Y Z",56,1.96031733932882,2.92063467865763,1,2.28143560097379,2.72944088010602,1.83343032184156,2.1208764701513
"340","2_4_15",2,4,15,"A B D F G H K M N O R S T V X",60,1.73745062812266,2.47490125624531,1,2.27703252677186,3.09919489697459,1.45487015656914,2.00724157744726
"341","2_4_16",2,4,16,"A B E F H I K L M O P Q S T Y Z",64,1.86209178123228,2.72418356246457,1,2.44716900126768,2.92979877703438,1.96453922550098,2.15463039124998
"342","2_4_17",2,4,17,"C A D E I J M N O P R S T V W X Z",68,1.9013281005428,2.80265620108561,1,2.39638214811083,3.18534035389955,1.6074239423221,2.14885512432681
"343","2_4_18",2,4,18,"C B D E F I M N P Q R S T V W X Y Z",72,1.94474740549895,2.8894948109979,1,2.46885978357686,3.09486353258285,1.84285603457087,2.20680359453791
"344","2_4_19",2,4,19,"C A D E F G H I J K L M N O R V W Y Z",76,1.99559330947168,2.99118661894336,1,2.46886135313123,3.0267001185909,1.91102258767157,2.23222733130146
"345","2_4_20",2,4,20,"C A B D E F G H I L M N P R S T V W Y Z",80,1.94973000214203,2.89946000428407,1,2.49398007078397,3.12590716744732,1.86205297412062,2.221855036463
"346","2_4_21",2,4,21,"C A B D E F G I J K L N P R S T V W X Y Z",84,1.9245866428223,2.84917328564459,1,2.4389293606148,3.08707916599031,1.79077955523928,2.18175800171855
"347","2_4_22",2,4,22,"C B D E F I J K L M N O P Q R S T V W X Y Z",88,1.92875546906304,2.85751093812608,1,2.45782353801177,3.10768037277423,1.80796670324932,2.19328950353741
"348","2_4_23",2,4,23,"C A B D F G H I J K L M N O P Q R S T V W X Z",92,1.87727348825768,2.75454697651537,1,2.40680957551188,3.18685794957141,1.62676120145236,2.14204153188478
"349","2_4_24",2,4,24,"C A B D E F G H I J K L M N O P Q R S T V W X Y",96,1.93666763562542,2.87333527125084,1,2.44485169515185,3.09004236708925,1.79966102321446,2.19075966538864
"352","2_5_2",2,5,2,"H Q",8,2.11616964935504,3.23233929871008,1,1.99833532235117,1.53392894490539,2.46274169979695,2.0572524858531
"353","2_5_3",2,5,3,"G I T",12,1.67930050482176,2.35860100964352,1,1.66521740449223,2.07776857103505,1.25266623794942,1.672258954657
"354","2_5_4",2,5,4,"K N P S",16,1.68108484771425,2.3621696954285,1,2.35932120674752,3.20443908265394,1.51420333084109,2.02020302723088
"355","2_5_5",2,5,5,"C I R X Z",20,2.02935147538518,3.05870295077037,1,2.17344181213755,2.79961586658567,1.54726775768943,2.10139664376137
"356","2_5_6",2,5,6,"B E G N Q W",24,1.83361098269323,2.66722196538647,1,2.21313240645155,2.7043037027967,1.7219611101064,2.02337169457239
"357","2_5_7",2,5,7,"B E H R S T V",28,1.70400859879403,2.40801719758805,1,2.30805094955206,3.28261003012234,1.33349186898179,2.00602977417304
"358","2_5_8",2,5,8,"A I K L P S V Z",32,1.734696449493,2.46939289898599,1,2.36718845287734,3.07282560720711,1.66155129854756,2.05094245118517
"359","2_5_9",2,5,9,"D G H M N Q R S X",36,1.74755709161038,2.49511418322077,1,2.35805297049863,3.15058794661607,1.56551799438118,2.05280503105451
"360","2_5_10",2,5,10,"A B F I K O Q R V Y",40,1.9735441201271,2.94708824025419,1,2.35924431662518,2.7564805406065,1.96200809264386,2.16639421837614
"361","2_5_11",2,5,11,"C G L M N O P Q R S Y",44,2.08010779821503,3.16021559643006,1,2.31333450398574,2.83948272779813,1.78718628017335,2.19672115110038
"362","2_5_12",2,5,12,"C A B G L M N P R S V X",48,1.84725057653808,2.69450115307617,1,2.30538838799071,3.20409203002182,1.4066847459596,2.0763194822644
"363","2_5_13",2,5,13,"C A B H J L M O P Q S T Y",52,2.01135910487731,3.02271820975462,1,2.22092432379195,2.6817667468819,1.760081900702,2.11614171433463
"364","2_5_14",2,5,14,"E F G I J K L N P R S V Y Z",56,1.89632272755071,2.79264545510143,1,2.55066500154207,3.20611849160247,1.89521151148167,2.22349386454639
"365","2_5_15",2,5,15,"A B E K L M N O Q T V W X Y Z",60,1.82188542916965,2.6437708583393,1,2.33349902454653,2.83351633730713,1.83348171178592,2.07769222685809
"366","2_5_16",2,5,16,"C B D E I J K L M N O Q R S X Z",64,1.92664236665401,2.85328473330802,1,2.35839845901199,3.07625653990627,1.64054037811771,2.142520412833
"367","2_5_17",2,5,17,"C A B D E F H I L M O S T V W Y Z",68,1.94930113281313,2.89860226562626,1,2.41336649688035,2.96548534840918,1.86124764535152,2.18133381484674
"368","2_5_18",2,5,18,"A E F G H I J K L M O P Q V W X Y Z",72,1.85923387259267,2.71846774518534,1,2.44750204663084,2.9552157062611,1.93978838700059,2.15336795961176
"369","2_5_19",2,5,19,"C A B D F H I J M N O P Q R S V W X Z",76,1.89970137118186,2.79940274236372,1,2.435747042014,3.2129718789797,1.65852220504831,2.16772420659793
"370","2_5_20",2,5,20,"C D E F G I J K L M N P Q R S T V W Y Z",80,1.98050293490768,2.96100586981536,1,2.51896279302777,3.16668926856163,1.87123631749391,2.24973286396772
"371","2_5_21",2,5,21,"C B D E F H I J L M N O P Q R S T V X Y Z",84,1.94275458139879,2.88550916279758,1,2.44390531936018,3.08701148965891,1.80079914906145,2.19332995037949
"372","2_5_22",2,5,22,"C A B E F G H I J L M O P Q R S T V W X Y Z",88,1.92944387567657,2.85888775135314,1,2.51512926304545,3.16383780613494,1.86642071995595,2.22228656936101
"373","2_5_23",2,5,23,"C A B D F G H I J K L M N O P Q R S T W X Y Z",92,1.92132551862813,2.84265103725625,1,2.46254411834207,3.06965870002723,1.85542953665691,2.1919348184851
"377","2_6_2",2,6,2,"B M",8,1.50377502393288,2.00755004786577,1,1.84244261923256,2.44219026350812,1.24269497495699,1.67310882158272
"378","2_6_3",2,6,3,"D G N",12,1.8678780657551,2.73575613151019,1,1.46839854444325,1.93679708888649,1,1.66813830509917
"379","2_6_4",2,6,4,"J M O T",16,1.56533954362409,2.13067908724818,1,1.17075911955389,1.34151823910778,1,1.36804933158899
"380","2_6_5",2,6,5,"H J N S X",20,1.67142091337604,2.34284182675208,1,2.44078455279709,3.40081569023156,1.48075341536262,2.05610273308656
"381","2_6_6",2,6,6,"D H M O Q Y",24,2.08593803106985,3.17187606213969,1,1.75660966485263,1.69382702344817,1.81939230625709,1.92127384796124
"382","2_6_7",2,6,7,"D F I J N V W",28,1.90100711489641,2.80201422979282,1,2.36758822003518,3.13435769169744,1.60081874837293,2.1342976674658
"383","2_6_8",2,6,8,"C G I K L R T W",32,2.02938396145604,3.05876792291207,1,2.28262632148356,2.98558987315496,1.57966276981217,2.1560051414698
"384","2_6_9",2,6,9,"D K L N O Q W X Z",36,1.73834874386526,2.47669748773052,1,2.17089787840629,2.77329303270896,1.56850272410361,1.95462331113577
"385","2_6_10",2,6,10,"B E F G H I J L O Z",40,1.78896387362139,2.57792774724277,1,2.48875295550201,3.21497323681785,1.76253267418617,2.1388584145617
"386","2_6_11",2,6,11,"A D G J M N Q R T X Z",44,1.79981057962328,2.59962115924656,1,1.99748271101315,2.66782030852744,1.32714511349886,1.89864664531822
"387","2_6_12",2,6,12,"B E G J K M O Q R V W Z",48,1.82601498075125,2.6520299615025,1,2.31830340072438,3.02200280377188,1.61460399767688,2.07215919073781
"388","2_6_13",2,6,13,"C A D E F H I J L Q R V W",52,2.07333757364937,3.14667514729875,1,2.463342944292,3.22099462475874,1.70569126382525,2.26834025897068
"389","2_6_14",2,6,14,"C A D E F G H I M N O P V W",56,2.00485068355364,3.00970136710729,1,2.28062713934184,2.98411492347964,1.57713935520404,2.14273891144774
"390","2_6_15",2,6,15,"A B F G I K M O P R S T V X Z",60,1.72137690522412,2.44275381044824,1,2.37996505492901,3.15972001174296,1.60021009811506,2.05067098007657
"391","2_6_16",2,6,16,"B D E F I J L N O P Q T V W X Z",64,1.80993368088151,2.61986736176302,1,2.30502737560934,3.01483368373174,1.59522106748694,2.05748052824542
"392","2_6_17",2,6,17,"C B F G J L M O P Q R S T W X Y Z",68,1.91260121549119,2.82520243098237,1,2.5182771082589,3.16881402398201,1.86774019253578,2.21543916187504
"393","2_6_18",2,6,18,"C A D E F G I J L M N O S V W X Y Z",72,1.94004873930266,2.88009747860533,1,2.44356469144215,3.04805316349251,1.83907621939179,2.19180671537241
"394","2_6_19",2,6,19,"C A B D E F H I J K M N O P Q R S T V",76,1.96614405630442,2.93228811260883,1,2.38635871650413,3.14724012013388,1.62547731287438,2.17625138640427
"395","2_6_20",2,6,20,"C B D E F G I J K L M N O P Q T V W X Z",80,1.90834056004126,2.81668112008252,1,2.30468469963542,3.02200405072635,1.5873653485445,2.10651262983834
"396","2_6_21",2,6,21,"C A D F G H I J K L M N O P Q R S T W X Y",84,1.94448268171606,2.88896536343211,1,2.48756596908334,3.10747447020981,1.86765746795688,2.2160243253997
"397","2_6_22",2,6,22,"C A B D E F H I J K L M N O P Q R S T V W Z",88,1.92187184267107,2.84374368534214,1,2.4509845359346,3.24103241820823,1.66093665366098,2.18642818930284
"398","2_6_23",2,6,23,"C A B D E F G H I J K L M N O P Q R S T V X Z",92,1.89097428729619,2.78194857459239,1,2.37172953342137,3.13922067616461,1.60423839067812,2.13135191035878
"401","2_7_1",2,7,1,"V",4,1.267375101023,1.53475020204599,1,1.95917427179713,2.91834854359425,1,1.61327468641006
"402","2_7_2",2,7,2,"D L",8,1.80627769574737,2.61255539149475,1,1.74385399006115,2.20669274596158,1.28101523416073,1.77506584290426
"403","2_7_3",2,7,3,"H J P",12,1.9678983161276,2.9357966322552,1,2.22247039371058,3,1.44494078742115,2.09518435491909
"404","2_7_4",2,7,4,"A K N T",16,1.80473106999422,2.60946213998844,1,2.22413017360796,2.98577400897366,1.46248633824225,2.01443062180109
"405","2_7_5",2,7,5,"B F H S X",20,1.57144365817943,2.14288731635887,1,2.3231754762927,3.21992706971417,1.42642388287124,1.94730956723607
"406","2_7_6",2,7,6,"H L N O Q W",24,1.77116774479143,2.54233548958285,1,2.51009930834726,3.15985367987319,1.86034493682132,2.14063352656934
"407","2_7_7",2,7,7,"A M O P V W Y",28,1.88574959071353,2.77149918142707,1,2.27739934123777,2.45189304498244,2.1029056374931,2.08157446597565
"408","2_7_8",2,7,8,"B G I O Q S X Z",32,1.70798548975879,2.41597097951758,1,2.38113065446524,3.03475939136027,1.72750191757021,2.04455807211202
"409","2_7_9",2,7,9,"B E F G J K M N W",36,1.76676360614288,2.53352721228576,1,2.45361874095438,3.37586245143489,1.53137503047387,2.11019117354863
"410","2_7_10",2,7,10,"C A B D L O Q R V Z",40,2.01696283345562,3.03392566691124,1,2.11311344917874,2.71995701217461,1.50626988618286,2.06503814131718
"411","2_7_11",2,7,11,"A E F G H I K M S T W",44,1.7724667472608,2.54493349452161,1,2.49996397300409,3.27512373642138,1.7248042095868,2.13621536013245
"412","2_7_12",2,7,12,"C B D E H J L P R T X Y",48,2.01212743845183,3.02425487690365,1,2.13632993640808,2.59359488360913,1.67906498920703,2.07422868742995
"413","2_7_13",2,7,13,"C E H I L M O Q R S T W Y",52,2.08136644522018,3.16273289044035,1,2.36793318410979,2.78898192923028,1.9468844389893,2.22464981466498
"414","2_7_14",2,7,14,"C A B E G H I N O Q T V W X",56,1.97229117284412,2.94458234568824,1,2.27196558335081,2.93382115512417,1.61011001157744,2.12212837809746
"415","2_7_15",2,7,15,"C A B F G H K L M Q R T X Y Z",60,1.93961196215679,2.87922392431359,1,2.31902248125239,2.84552694488759,1.79251801761719,2.12931722170459
"416","2_7_16",2,7,16,"C B D E G H L M N O R S T V W Y",64,1.96226232608369,2.92452465216737,1,2.40477439212584,3.07582602894775,1.73372275530392,2.18351835910476
"417","2_7_17",2,7,17,"C A B E F H K L M N O P Q R S V W",68,1.90830738963415,2.81661477926829,1,2.47642245442793,3.3712333889097,1.58161151994616,2.19236492203104
"418","2_7_18",2,7,18,"B D E F G H J K L N O P Q R T W Y Z",72,1.89343255982721,2.78686511965443,1,2.43525884122803,2.97711218410845,1.8934054983476,2.16434570052762
"419","2_7_19",2,7,19,"C A B E F G H J L M O P Q S V W X Y Z",76,1.91995572491527,2.83991144983055,1,2.43858633059071,3.05650360360329,1.82066905757813,2.17927102775299
"420","2_7_20",2,7,20,"C B D E F H I J K L M O P R S T V W X Z",80,1.86889097627253,2.73778195254507,1,2.38123144043466,3.17701316599762,1.5854497148717,2.1250612083536
"421","2_7_21",2,7,21,"C A B D E F G H I J K L N O P R S W X Y Z",84,1.92982799616841,2.85965599233682,1,2.45787679822256,3.05324340471946,1.86251019172567,2.19385239719549
"422","2_7_22",2,7,22,"C A B E F G H I J K L M N O Q R S T V W X Z",88,1.88593950572703,2.77187901145407,1,2.47189582938079,3.30117508878929,1.64261656997229,2.17891766755391
"423","2_7_23",2,7,23,"C A B D E F H I J K L M N O P Q R S T V W Y Z",92,1.96291103256976,2.92582206513952,1,2.48861303052016,3.11006299117009,1.86716306987024,2.22576203154496
"426","2_8_1",2,8,1,"R",4,1.24174520141128,1.48349040282257,1,1.69055078897615,2.3811015779523,1,1.46614799519372
"427","2_8_2",2,8,2,"C E",8,2.19366436312889,3.38732872625778,1,1.44494078742115,1.88988157484231,1,1.81930257527502
"428","2_8_3",2,8,3,"G N P",12,1.74651084943968,2.49302169887937,1,1.46696447245269,1.93392894490539,1,1.60673766094619
"429","2_8_4",2,8,4,"C D H N",16,2.14428045074621,3.28856090149241,1,1.78437198389068,2.41444173037233,1.15430223740903,1.96432621731844
"430","2_8_5",2,8,5,"G K N W Z",20,1.69360268853696,2.38720537707391,1,2.32142330053437,3.01597334192216,1.62687325914658,2.00751299453566
"431","2_8_6",2,8,6,"C B I L N W",24,2.12129833576165,3.2425966715233,1,2.27904023928958,2.94947073097341,1.60860974760575,2.20016928752562
"432","2_8_7",2,8,7,"C E H I M Q S",28,2.163125000034,3.326250000068,1,2.15144172392103,2.61555346693306,1.68732998090899,2.15728336197751
"433","2_8_8",2,8,8,"C E G H K O T Y",32,2.13370222481767,3.26740444963534,1,2.01672234992826,2.30961907916534,1.72382562069118,2.07521228737296
"434","2_8_9",2,8,9,"C B D E H L O R W",36,2.02764401486195,3.0552880297239,1,2.11514308501714,2.82737406028612,1.40291210974817,2.07139354993955
"435","2_8_10",2,8,10,"B L M O P R T V W X",40,1.65122021153507,2.30244042307013,1,2.21618679156376,3.01815164977579,1.41422193335173,1.93370350154941
"436","2_8_11",2,8,11,"C B D E H J O P Q R W",44,2.06891830129035,3.1378366025807,1,2.20353811801575,2.8793935513323,1.5276826846992,2.13622820965305
"437","2_8_12",2,8,12,"A B D F H K N O P Q W Z",48,1.73721847731154,2.47443695462309,1,2.23344194452587,2.82368793388337,1.64319595516838,1.98533021091871
"438","2_8_13",2,8,13,"B D J L M N P Q R T V X Z",52,1.76252864998536,2.52505729997072,1,2.21294768989677,2.94399529312889,1.48190008666464,1.98773816994106
"439","2_8_14",2,8,14,"C D E G H I J M Q R T V X Y",56,2.03421284649527,3.06842569299055,1,2.278226718483,2.75135794169466,1.80509549527134,2.15621978248914
"440","2_8_15",2,8,15,"C A D F G H J L M N P Q R S T",60,1.96650000472231,2.93300000944463,1,2.36868958868291,3.1912204026677,1.54615877469812,2.16759479670261
"441","2_8_16",2,8,16,"A B D H I J L M N O P Q R T X Y",64,1.8967067441977,2.7934134883954,1,2.29375269286689,2.74062531778132,1.84688006795247,2.0952297185323
"442","2_8_17",2,8,17,"A B D E G H I J L M N P Q R S T V",68,1.83208370871782,2.66416741743563,1,2.38070481713309,3.12813856381227,1.63327107045391,2.10639426292545
"443","2_8_18",2,8,18,"C A B D F G H I J K M N P Q T V W Y",72,2.01914177222702,3.03828354445403,1,2.38617055073387,2.89913399009946,1.87320711136827,2.20265616148044
"444","2_8_19",2,8,19,"C A D E F G H J K L M O P R S V X Y Z",76,1.91464518013775,2.8292903602755,1,2.32931785863853,2.95928978539681,1.69934593188025,2.12198151938814
"445","2_8_20",2,8,20,"C A B D F G H I J K M N O P Q S T V X Z",80,1.89321357875415,2.78642715750831,1,2.33444376541079,3.06807928679168,1.60080824402989,2.11382867208247
"446","2_8_21",2,8,21,"C A B D E F G I J K L P Q R S T V W X Y Z",84,1.94219122866266,2.88438245732532,1,2.42870417252293,3.04236188320366,1.81504646184219,2.18544770059279
"447","2_8_22",2,8,22,"C A B D E G H I J K L M N O P Q R S T W Y Z",88,1.98107496078442,2.96214992156883,1,2.45117574161829,2.98502237193833,1.91732911129826,2.21612535120135
"448","2_8_23",2,8,23,"C A B D F G H J K L M N O P Q R S T V W X Y Z",92,1.89923950358363,2.79847900716727,1,2.41072375174272,3.06896219154271,1.75248531194272,2.15498162766317
"449","2_8_24",2,8,24,"C A B D E F G H I J K L M N P Q R S T V W X Y Z",96,1.92548790147045,2.85097580294091,1,2.45145248792395,3.09242824747479,1.81047672837311,2.1884701946972
"451","2_9_1",2,9,1,"J",4,2.18179283050743,3.36358566101486,1,1.33333333333333,1.66666666666667,1,1.75756308192038
"452","2_9_2",2,9,2,"B H",8,1.64726002314266,2.29452004628532,1,1.58225421339181,1.72808492487098,1.43642350191263,1.61475711826723
"453","2_9_3",2,9,3,"I M N",12,1.77876151340986,2.55752302681972,1,2.05273505367276,2.52231701601312,1.5831530913324,1.91574828354131
"454","2_9_4",2,9,4,"D J O P",16,1.93106183827926,2.86212367655852,1,1.42650235231826,1.85300470463652,1,1.67878209529876
"455","2_9_5",2,9,5,"E H R W X",20,1.64180209107508,2.28360418215017,1,2.17687745691171,2.88877070928204,1.46498420454138,1.9093397739934
"456","2_9_6",2,9,6,"H I J O P V",24,1.77710402381359,2.55420804762718,1,2.33596254277256,3.0585095702796,1.61341551526553,2.05653328329308
"457","2_9_7",2,9,7,"C A D L P R T",28,2.02569940558172,3.05139881116344,1,1.81708289902586,2.46874740051991,1.16541839753181,1.92139115230379
"458","2_9_8",2,9,8,"A G H L O R W X",32,1.6434634335869,2.2869268671738,1,2.22450341325775,2.9592105617456,1.4897962647699,1.93398342342232
"459","2_9_9",2,9,9,"D H I M N O V W Y",36,1.96108475533863,2.92216951067725,1,2.35373138908349,2.64792935216527,2.05953342600171,2.15740807221106
"460","2_9_10",2,9,10,"C D F H I J P Q R Y",40,2.18506075950515,3.3701215190103,1,2.27151204696148,2.63458937275246,1.90843472117051,2.22828640323332
"461","2_9_11",2,9,11,"E H I K N O Q T W X Z",44,1.79806570449388,2.59613140898776,1,2.37621308929179,3.03836364111421,1.71406253746937,2.08713939689283
"462","2_9_12",2,9,12,"D E F G I L M N O P Q Z",48,1.8260090487445,2.652018097489,1,2.29724867194106,2.92819887405443,1.66629846982769,2.06162886034278
"463","2_9_13",2,9,13,"B D G H I K N P Q R T V W",52,1.86239627656423,2.72479255312847,1,2.31981167868403,2.97532514579933,1.66429821156872,2.09110397762413
"464","2_9_14",2,9,14,"A B E G I K M O Q S W X Y Z",56,1.83781322523654,2.67562645047308,1,2.43868129223773,2.87928067111684,1.99808191335862,2.13824725873713
"465","2_9_15",2,9,15,"C A B D E F G H I K O R T W Y",60,2.03395343049343,3.06790686098687,1,2.37117090700191,2.81990128158339,1.92244053242042,2.20256216874767
"466","2_9_16",2,9,16,"C D E F H I L M N O R S T V X Z",64,1.87628215010691,2.75256430021382,1,2.41285006586068,3.24879841828257,1.57690171343879,2.1445661079838
"467","2_9_17",2,9,17,"C A E G H J K L N Q R S T V W Y Z",68,2.00180774761285,3.0036154952257,1,2.53139911209156,3.18452284415096,1.87827538003215,2.2666034298522
"468","2_9_18",2,9,18,"C A B E F H J K L M N O Q S V W X Y",72,1.93864594798519,2.87729189597039,1,2.44757229436811,3.11536505266865,1.77977953606757,2.19310912117665
"469","2_9_19",2,9,19,"C A B D F G H J K L N P Q R S T V X Y",76,1.94063892232612,2.88127784465225,1,2.35578220982208,3.01018957267896,1.7013748469652,2.1482105660741
"470","2_9_20",2,9,20,"C A B D E F H I J K L M N Q R S V X Y Z",80,1.95050028418953,2.90100056837906,1,2.42479913886962,3.03822926374709,1.81136901399214,2.18764971152957
"471","2_9_21",2,9,21,"C A D E F G H I J K L N O P Q R T V W X Z",84,1.92540147601671,2.85080295203342,1,2.36182846945536,3.09958467237962,1.6240722665311,2.14361497273603
"472","2_9_22",2,9,22,"A B D E G H I J K L M N O P Q R S V W X Y Z",88,1.84448972930818,2.68897945861636,1,2.42362445274753,2.98611962303489,1.86112928246017,2.13405709102786
"473","2_9_23",2,9,23,"C A B D E F G H I J K L M O P Q R S T V X Y Z",92,1.92963709969584,2.85927419939169,1,2.38444398830248,2.98587396656204,1.78301401004293,2.15704054399916
"476","2_10_1",2,10,1,"I",4,1.74996247685152,2.49992495370303,1,1.77476286963001,2.18024431456471,1.3692814246953,1.76236267324076
"477","2_10_2",2,10,2,"B Y",8,2.17614541735736,3.35229083471471,1,1.64193730812418,1.33545126693481,1.94842334931354,1.90904136274077
"478","2_10_3",2,10,3,"D F R",12,1.68210586688876,2.36421173377753,1,1.93044315453969,2.6287432895553,1.23214301952408,1.80627451071423
"479","2_10_4",2,10,4,"C A I K",16,2.16429833660677,3.32859667321354,1,2.17863447252119,2.63971947669086,1.71754946835151,2.17146640456398
"480","2_10_5",2,10,5,"C P Q T X",20,2.0157557920782,3.0315115841564,1,1.88148263766653,2.45370372923739,1.30926154609568,1.94861921487237
"481","2_10_6",2,10,6,"I J Q S V X",24,1.77317649435888,2.54635298871776,1,2.41320351120777,3.22946837068838,1.59693865172716,2.09319000278333
"482","2_10_7",2,10,7,"B G H M P T V",28,1.59005178644146,2.18010357288292,1,2.05388574307534,2.93788232111801,1.16988916503267,1.8219687647584
"483","2_10_8",2,10,8,"C A J P R S W Y",32,2.01083369613729,3.02166739227458,1,2.51629767223862,3.08755176059859,1.94504358387866,2.26356568418796
"484","2_10_9",2,10,9,"C B D J M S V X Z",36,1.85898710366288,2.71797420732576,1,2.15862167862192,2.89854051142985,1.418702845814,2.0088043911424
"485","2_10_10",2,10,10,"D G I K N O T V W Y",40,1.93918783342354,2.87837566684707,1,2.36769018613284,2.77075502342036,1.96462534884532,2.15343900977819
"486","2_10_11",2,10,11,"C A B D I J K P R V Y",44,2.09393066625739,3.18786133251477,1,2.20971099986325,2.59378271470724,1.82563928501926,2.15182083306032
"487","2_10_12",2,10,12,"A G H J K L M N R T Y Z",48,1.88616886414072,2.77233772828144,1,2.36557461623561,2.90325620463604,1.82789302783518,2.12587174018816
"488","2_10_13",2,10,13,"A B D E H I J K N O R W Y",52,1.94692132124344,2.89384264248688,1,2.40170065684211,2.78011866446104,2.02328264922318,2.17431098904278
"489","2_10_14",2,10,14,"C A E F J L M O Q S T W X Z",56,1.87956460016927,2.75912920033854,1,2.42342030130756,3.28013492127825,1.56670568133687,2.15149245073841
"490","2_10_15",2,10,15,"A B D E F G I J M N S T W X Y",60,1.85735781855814,2.71471563711628,1,2.42212647577213,2.98457526882444,1.85967768271983,2.13974214716514
"491","2_10_16",2,10,16,"C A B D F G H I L O P Q R T W Z",64,1.97352970911405,2.9470594182281,1,2.33932129868685,3.00593055452875,1.67271204284496,2.15642550390045
"492","2_10_17",2,10,17,"A B E F H I J K M N Q S V W X Y Z",68,1.84938064098985,2.6987612819797,1,2.5149041113929,3.11860588465806,1.91120233812773,2.18214237619137
"493","2_10_18",2,10,18,"D E F G H I J M N O P Q R S T V W Z",72,1.83648394827803,2.67296789655606,1,2.54258432639655,3.37210370873525,1.71306494405785,2.18953413733729
"494","2_10_19",2,10,19,"A B G H I J K M N O P Q S T V W X Y Z",76,1.83318400600553,2.66636801201105,1,2.4593831221855,3.02284064577082,1.89592559860019,2.14628356409552
"495","2_10_20",2,10,20,"C A B D E F G I J K L N P Q R S T V W X",80,1.91574903341647,2.83149806683294,1,2.40764047408422,3.20893580708614,1.60634514108231,2.16169475375035
"496","2_10_21",2,10,21,"A B E F G H I J K L N O P Q R S T V W X Z",84,1.78029130709152,2.56058261418304,1,2.48311358659218,3.30002103973401,1.66620613345035,2.13170244684185
"497","2_10_22",2,10,22,"C A B D E F G H J K N O P Q R S T V W X Y Z",88,1.93034472697867,2.86068945395734,1,2.40664925218903,3.04514062083966,1.7681578835384,2.16849698958385
"498","2_10_23",2,10,23,"C A D E F G I J K L M N O P Q R S T V W X Y Z",92,1.93247124463535,2.86494248927069,1,2.46885197016786,3.11089514480599,1.82680879552972,2.2006616074016
